locale,code,name,descr
"ja","ADP","ペセタ","アンドラペセタ --> (旧 --> EUR)"
"ja","AED","ディルハム","アラブ首長国連邦ディルハム"
"ja","AFA","アフガニ","アフガニ (旧)"
"ja","AFN","アフガニ","アフガニ"
"ja","ALL","レク","アルバニアレク"
"ja","AMD","ドラム","アルメニア ドラム"
"ja","ANG","西インド諸島ギルダー","西インド諸島ギルダー (旧 --> XCG)"
"ja","AOA","クワンザ","アンゴラクワンザ"
"ja","AON","新クワンザ","アンゴラ新クワンザ (旧)"
"ja","AOR","再調整クワンザ","再調整案トラクワンザ (旧)"
"ja","ARS","アルゼンチンペソ","アルゼンチンペソ"
"ja","ATS","シリング","オーストリアシリング (旧 --> EUR)"
"ja","AUD","オーストラリアドル","オーストラリアドル"
"ja","AWG","アルバフローリン","アルバフローリン"
"ja","AZM","マナト","アゼルバイジャンマナト (旧)"
"ja","AZN","マナト","アゼルバイジャンマナト"
"ja","BAM","兌換マルク","ボスニアヘルツェゴビナ兌換マルク"
"ja","BBD","ドル","バルバドスドル"
"ja","BDT","タカ","バングラデシュタカ"
"ja","BEF","ベルギーフラン","ベルギーフラン (旧 --> EUR)"
"ja","BGN","レフ","ブルガリアレフ"
"ja","BHD","ディナール","バーレーンディナール"
"ja","BIF","ブルンジフラン","ブルンジフラン"
"ja","BMD","バミューダドル","バミューダドル"
"ja","BND","ドル","ブルネイドル"
"ja","BOB","ボリビアーノ","ボリビアーノ"
"ja","BRL","レアル","ブラジルレアル"
"ja","BSD","ドル","バハマドル"
"ja","BTN","ヌルタム","ブータンヌルタム"
"ja","BWP","プラ","ボツワナプラ"
"ja","BYB","ベラルーシルーブル","ベラルーシルーブル (旧)"
"ja","BYN","ベラルーシルーブル (新)","ベラルーシルーブル (新)"
"ja","BYR","ルーブル","ベラルーシルーブル"
"ja","BZD","ドル","ベリーズドル"
"ja","CAD","カナダドル","カナダドル"
"ja","CDF","コンゴフラン","コンゴフラン"
"ja","CHF","スイスフラン","スイスフラン"
"ja","CLP","ペソ","チリペソ"
"ja","CNY","人民元","中国人民元"
"ja","COP","ペソ","コロンビアペソ"
"ja","CRC","コスタリカコロン","コスタリカコロン"
"ja","CSD","ディナール (セルビア)","セルビアディナール"
"ja","CUC","ペソ兌換","兌換ペソ"
"ja","CVE","エスクード","カーボベルデエスクード"
"ja","CYP","キプロスポンド","キプロスポンド (旧 --> EUR)"
"ja","CZK","クローナ","チェコクローナ"
"ja","DEM","ドイツ マルク","ドイツマルク (旧 --> EUR)"
"ja","DJF","ジブチフラン","ジブチフラン"
"ja","DKK","デンマーククローネ","デンマーククローネ"
"ja","DOP","ドミニカペソ","ドミニカペソ"
"ja","DZD","ディナール","アルジェリア ディナール"
"ja","ECS","スクレ","エクアドルスクレ (旧 --> USD)"
"ja","EEK","クローナ","エストニアクローネ (旧 --> EUR)"
"ja","EGP","ポンド","エジプトポンド"
"ja","ERN","ナクファ","エリトリアナクファ"
"ja","ESP","ペセタ","スペインペセタ --> (旧 --> EUR)"
"ja","ETB","ビル","エチオピアビル"
"ja","EUR","ユーロ","欧州ユーロ"
"ja","FIM","フィンランドマルカ","フィンランドマルカ (旧　--> EUR)"
"ja","FJD","ドル","フィジードル"
"ja","FKP","フォークランドポンド","フォークランドポンド"
"ja","FRF","フランスフラン","フランスフラン (旧 --> EUR)"
"ja","GBP","ポンド","イギリスポンド"
"ja","GEL","ラリ","グルジアラリ"
"ja","GHC","セディ","ガーナセディ (旧)"
"ja","GHS","セディ","ガーナセディ"
"ja","GIP","ジブラルタルポンド","ジブラルタルポンド"
"ja","GMD","ダラシ","ガンビアダラシ"
"ja","GNF","フラン","ギニアフラン"
"ja","GRD","ドラクマ","ギリシャドラクマ (旧 --> EUR)"
"ja","GTQ","ケツァル","グアテマラケツァル"
"ja","GWP","ギニアペソ","ギニアペソ (旧 --> SHP)"
"ja","GYD","ガイアナドル","ガイアナドル"
"ja","HKD","香港ドル","香港ドル"
"ja","HNL","レンピラ","ホンジュラスレンピラ"
"ja","HRK","クーナ","クロアチアクーナ (旧 --> EUR)"
"ja","HTG","グールド","ハイチグールド"
"ja","HUF","フォリント","ハンガリーフォリント"
"ja","IDR","ルピア","インドネシアルピア"
"ja","IEP","アイルランドプント","アイルランドプント (旧 --> EUR)"
"ja","ILS","シュケル","イスラエルシュケル"
"ja","INR","ルピー","インドルピー"
"ja","IQD","ディナール","イラクディナール"
"ja","ISK","クローナ","アイスランドクローナ"
"ja","ITL","リラ","イタリアリラ (旧 --> EUR)"
"ja","JMD","ジャマイカドル","ジャマイカドル"
"ja","JOD","ヨルダンディナール","ヨルダンディナール"
"ja","JPY","円","日本円"
"ja","KES","シリング","ケニヤシリング"
"ja","KGS","ソム","キルギスソム"
"ja","KHR","リエル","カンボジアリエル"
"ja","KMF","コモロフラン","コモロフラン"
"ja","KRW","韓国ウォン","韓国ウオン"
"ja","KWD","ディナール","クウェートディナール"
"ja","KYD","ケーマンドル","ケーマンドル"
"ja","KZT","テンゲ","カザフスタンテンゲ"
"ja","LAK","キップ","ラオスキップ"
"ja","LBP","レバノンポンド","レバノンポンド"
"ja","LKR","スリランカルピー","スリランカルピー"
"ja","LRD","リベリアドル","リベリアドル"
"ja","LSL","ロチ","レソトロチ"
"ja","LTL","リタス","リトアニアリタス"
"ja","LUF","ルクセンブルクフラン","ルクセンブルクフラン (旧 --> EUR)"
"ja","LVL","ラート","ラトビアラート"
"ja","LYD","リビアディナール","リビアディナール"
"ja","MAD","ディルハム","モロッコディルハム"
"ja","MDL","レイ","モルダビアレイ"
"ja","MGA","マダガスカルアリアリ","マダガスカルアリアリ"
"ja","MGF","マダガスカルフラン","マダガスカルフラン (旧"
"ja","MKD","マケドニアディナリ","マケドニアディナリ"
"ja","MMK","チャット","ミャンマーチャット"
"ja","MNT","トゥグリク","モンゴルトゥグリク"
"ja","MOP","パタカ","マカオパタカ"
"ja","MRO","ウギア","モーリタニアウギア"
"ja","MRU","ウギア","モーリタニアウギア"
"ja","MTL","リラ","マルタリラ (旧 --> EUR)"
"ja","MUR","ルピー","モーリシャスルピー"
"ja","MVR","ルフィア","モルディブルフィア"
"ja","MWK","マラウィクワチャ","マラウイクワチャ"
"ja","MXN","ペソ","メキシコペソ"
"ja","MYR","リンギット","マレーシアリンギット"
"ja","MZM","メティカル","モザンビークメティカル (旧)"
"ja","MZN","メティカル","モザンビークメティカル"
"ja","NAD","ナミビアドル","ナミビアドル"
"ja","NGN","ナイラ","ナイジェリアナイラ"
"ja","NIO","コルドバオロ","ニカラグアコルドバオロ"
"ja","NLG","ギルダー","オランダギルダー (ギルダー)"
"ja","NOK","ノルウェークローネ","ノルウェークローネ"
"ja","NPR","ルピー","ネパールルピー"
"ja","NZD","ニュージーランドドル","ニュージーランドドル"
"ja","OMR","オマーンリアル","オマーンリアル"
"ja","PAB","バルボア","パナマバルボア"
"ja","PEN","新ソル","ペルー新ソル"
"ja","PGK","キナ","パプアニューギニアキナ"
"ja","PHP","ペソ","フィリピンペソ"
"ja","PKR","ルピー","パキスタンルピー"
"ja","PLN","ズウォティ","ポーランドズウォティ (新)"
"ja","PTE","エスクード","ポルトガルエスクード (旧 --> EUR)"
"ja","PYG","グアラニー","パラグアイグアラニー"
"ja","QAR","リヤル","カタールリヤル"
"ja","ROL","レイ","ルーマニアレイ (旧)"
"ja","RON","レイ","ルーマニアレイ"
"ja","RSD","セルビアディナール","セルビアディナール"
"ja","RUB","ルーブル","ロシアルーブル"
"ja","RWF","フラン","ルワンダフラン"
"ja","SAR","リヤル","サウジリアール"
"ja","SBD","ソロモン諸島ドル","ソロモン諸島ドル"
"ja","SCR","ルピー","セイシェルルピー"
"ja","SDD","ディナール","スーダンディナール (旧)"
"ja","SDG","ポンド","スーダンポンド"
"ja","SDP","ポンド","スーダンポンド (1992 以前)"
"ja","SEK","スウェーデンクローナ","スウェーデンクローナ"
"ja","SGD","シンガポールドル","シンガポールドル"
"ja","SHP","セントヘレナポンド","セントヘレナポンド"
"ja","SIT","トラール","スロベニアトラール (旧 --> EUR)"
"ja","SKK","コルナ","スロバキアコルナ (旧 --> EUR)"
"ja","SLL","レオネ","シエラレオネレオネ"
"ja","SOS","シリング","ソマリアシリング"
"ja","SRD","スリナムドル","スリナムドル"
"ja","SRG","スリナムギルダー","スリナムギルダー (旧)"
"ja","SSP","ポンド","南スーダンポンド"
"ja","STD","ドブラ","サントメ/プリンシペドブラ"
"ja","SVC","コロン","エルサルバドルコロン"
"ja","SZL","リランゲニ","スワジランドリランゲニ"
"ja","THB","バーツ","タイバーツ"
"ja","TJR","ルーブル","タジキスタンルーブル (旧)"
"ja","TJS","ソモニ","タジキスタンソモニ"
"ja","TMM","マナト (旧)","トルクメニスタンマナト (旧)"
"ja","TMT","マナト","トルクメニスタンマナト"
"ja","TND","ディナール","チュニジア ディナール"
"ja","TOP","パアンガ","トンガパアンガ"
"ja","TPE","チモールエスクード","チモールエスクード --> USD"
"ja","TRL","リラ (旧)","トルコリラ (旧)"
"ja","TRY","リラ","トルコリラ"
"ja","TTD","トリニダードトバゴドル","トリニダードトバゴドル"
"ja","TWD","ドル","ニュー台湾ドル"
"ja","TZS","シリング","タンザニアシリング"
"ja","UAH","グリブナ","ウクライナグリブナ"
"ja","UGX","シリング","ウガンダシリング"
"ja","USD","アメリカドル","アメリカドル"
"ja","UYU","ペソ","ウルグアイペソ"
"ja","UZS","合計","ウズベキスタンスム"
"ja","VEB","ボリバル (旧)","ベネズエラボリバル (旧)"
"ja","VEF","ボリバル","ベネズエラボリバルフエルテ"
"ja","VES","ボリバル","ベネズエラボリバルフエルテ"
"ja","VND","ドン","ベトナムドン"
"ja","VUV","バツ","バヌアツバツ"
"ja","WST","タラ","サモアタラ"
"ja","XAF","CFA フラン BEAC","ガボン CFA フラン BEAC"
"ja","XCD","ドル","東カリブドル"
"ja","XCG","カリブギルダー","カリブギルダー"
"ja","XEU","E.C.U.","ヨーロッパ通貨単位 (E.C.U.)"
"ja","XOF","CFA フラン BCEAO","ベニン CFA フラン BCEAO"
"ja","XPF","仏フラン (太平洋諸島)","フランスフラン (太平洋諸島)"
"ja","YER","イエメンリアル","イエメンリアル"
"ja","YUM","新ディナール","新ユーゴスロビアディナール (旧)"
"ja","ZAR","ランド","南アフリカランド"
"ja","ZMK","クワチャ","ザンビアクワチャ (旧)"
"ja","ZMW","クワチャ","ザンビアクワチャ (新)"
"ja","ZRN","ザイール","ザイール (旧)"
"ja","ZWD","ジンバブエドル","ジンバブエドル (旧)"
"ja","ZWL","ジンバブエドル","ジンバブエドル (新)"
"ja","ZWN","ジンバブエドル","ジンバブエドル (旧)"
"ja","ZWR","ジンバブエドル","ジンバブエドル (旧)"