locale,code,name
"sv","Africa/Abidjan","Afrika/Abidjan"
"sv","Africa/Accra","Afrika/Accra"
"sv","Africa/Addis_Ababa","Afrika/Addis·Abeba"
"sv","Africa/Algiers","Afrika/Alger"
"sv","Africa/Asmara","Afrika/Asmara"
"sv","Africa/Asmera","Afrika/Asmera"
"sv","Africa/Bamako","Afrika/Bamako"
"sv","Africa/Bangui","Afrika/Bangui"
"sv","Africa/Banjul","Afrika/Banjul"
"sv","Africa/Bissau","Afrika/Bissau"
"sv","Africa/Blantyre","Afrika/Blantyre"
"sv","Africa/Brazzaville","Afrika/Brazzaville"
"sv","Africa/Bujumbura","Afrika/Bujumbura"
"sv","Africa/Cairo","Afrika/Cairo"
"sv","Africa/Casablanca","Afrika/Casablanca"
"sv","Africa/Ceuta","Afrika/Ceuta"
"sv","Africa/Conakry","Afrika/Conakry"
"sv","Africa/Dakar","Afrika/Dakar"
"sv","Africa/Dar_es_Salaam","Afrika/Dar-es-Salaam"
"sv","Africa/Djibouti","Afrika/Djibouti"
"sv","Africa/Douala","Afrika/Douala"
"sv","Africa/El_Aaiun","Afrika/El Aaiun"
"sv","Africa/Freetown","Afrika/Freetown"
"sv","Africa/Gaborone","Afrika/Gaborone"
"sv","Africa/Harare","Afrika/Harare"
"sv","Africa/Johannesburg","Afrika/Johannesburg"
"sv","Africa/Juba","Afrika/Juba"
"sv","Africa/Kampala","Afrika/Kampala"
"sv","Africa/Khartoum","Afrika/Khartoum"
"sv","Africa/Kigali","Afrika/Kigali"
"sv","Africa/Kinshasa","Afrika/Kinshasa"
"sv","Africa/Lagos","Afrika/Lagos"
"sv","Africa/Libreville","Afrika/Libreville"
"sv","Africa/Lome","Afrika/Lome"
"sv","Africa/Luanda","Afrika/Luanda"
"sv","Africa/Lubumbashi","Afrika/Lubumbashi"
"sv","Africa/Lusaka","Afrika/Lusaka"
"sv","Africa/Malabo","Afrika/Malabo"
"sv","Africa/Maputo","Afrika/Maputo"
"sv","Africa/Maseru","Afrika/Maseru"
"sv","Africa/Mbabane","Afrika/Mbabane"
"sv","Africa/Mogadishu","Afrika/Mogadishu"
"sv","Africa/Monrovia","Afrika/Monrovia"
"sv","Africa/Nairobi","Afrika/Nairobi"
"sv","Africa/Ndjamena","Afrika/Ndjamena"
"sv","Africa/Niamey","Afrika/Niamey"
"sv","Africa/Nouakchott","Afrika/Nouakchott"
"sv","Africa/Ouagadougou","Afrika/Ouagadougou"
"sv","Africa/Porto-Novo","Afrika/Porto-Novo"
"sv","Africa/Sao_Tome","Afrika/Sao Tome"
"sv","Africa/Timbuktu","Afrika/Timbuktu"
"sv","Africa/Tripoli","Afrika/Tripoli"
"sv","Africa/Tunis","Afrika/Tunis"
"sv","Africa/Windhoek","Afrika/Windhoek"
"sv","America/Adak","Amerika/Adak"
"sv","America/Anchorage","Amerika/Anchorage"
"sv","America/Anguilla","Amerika/Anguilla"
"sv","America/Antigua","Amerika/Antigua"
"sv","America/Araguaina","Amerika/Araguaina"
"sv","America/Argentina/Buenos_Aires","Amerika/Argentina/Buenos Aires"
"sv","America/Argentina/Catamarca","Amerika/Argentina/Catamarca"
"sv","America/Argentina/ComodRivadavia","Amerika/Argentina/Comodoro Rivadavia"
"sv","America/Argentina/Cordoba","Amerika/Argentina/Cordoba"
"sv","America/Argentina/Jujuy","Amerika/Argentina/Jujuy"
"sv","America/Argentina/La_Rioja","Amerika/Argentina/La Rioja"
"sv","America/Argentina/Mendoza","Amerika/Argentina/Mendoza"
"sv","America/Argentina/Rio_Gallegos","Amerika/Argentina/Rio Gallegos"
"sv","America/Argentina/Salta","Amerika/Argentina/Salta"
"sv","America/Argentina/San_Juan","Amerika/Argentina/San Juan"
"sv","America/Argentina/San_Luis","Amerika/Argentina/San Luis"
"sv","America/Argentina/Tucuman","Amerika/Argentina/Tucuman"
"sv","America/Argentina/Ushuaia","Amerika/Argentina/Ushuaia"
"sv","America/Aruba","Amerika/Aruba"
"sv","America/Asuncion","Amerika/Asuncion"
"sv","America/Atikokan","Amerika/Atikokan"
"sv","America/Atka","Amerika/Atka"
"sv","America/Bahia","Amerika/Bahia"
"sv","America/Bahia_Banderas","Amerika/Bahia Banderas"
"sv","America/Barbados","Amerika/Barbados"
"sv","America/Belem","Amerika/Belem"
"sv","America/Belize","Amerika/Belize"
"sv","America/Blanc-Sablon","Amerika/Blanc-Sablon"
"sv","America/Boa_Vista","Amerika/Boa Vista"
"sv","America/Bogota","Amerika/Bogota"
"sv","America/Boise","Amerika/Boise"
"sv","America/Buenos_Aires","Amerika/Buenos Aires"
"sv","America/Cambridge_Bay","Amerika/Cambridge Bay"
"sv","America/Campo_Grande","Amerika/Campo Grande"
"sv","America/Cancun","Amerika/Cancun"
"sv","America/Caracas","Amerika/Caracas"
"sv","America/Catamarca","Amerika/Catamarca"
"sv","America/Cayenne","Amerika/Cayenne"
"sv","America/Cayman","Amerika/Cayman"
"sv","America/Chicago","Amerika/Chicago"
"sv","America/Chihuahua","Amerika/Chihuahua"
"sv","America/Ciudad_Juarez","America/Ciudad Juarez"
"sv","America/Coral_Harbour","Amerika/Coral Harbour"
"sv","America/Cordoba","Amerika/Cordoba"
"sv","America/Costa_Rica","Amerika/Costa Rica"
"sv","America/Creston","Amerika/Creston"
"sv","America/Cuiaba","Amerika/Cuiaba"
"sv","America/Curacao","Amerika/Curacao"
"sv","America/Danmarkshavn","Amerika/Danmarkshavn"
"sv","America/Dawson","Amerika/Dawson"
"sv","America/Dawson_Creek","Amerika/Dawson Creek"
"sv","America/Denver","Amerika/Denver"
"sv","America/Detroit","Amerika/Detroit"
"sv","America/Dominica","Amerika/Dominica"
"sv","America/Edmonton","Amerika/Edmonton"
"sv","America/Eirunepe","Amerika/Eirunepe"
"sv","America/El_Salvador","Amerika/El Salvador"
"sv","America/Ensenada","Amerika/Ensenada"
"sv","America/Fort_Nelson","Amerika/Fort Nelson"
"sv","America/Fort_Wayne","Amerika/Fort Wayne"
"sv","America/Fortaleza","Amerika/Fortaleza"
"sv","America/Glace_Bay","Amerika/Glace Bay"
"sv","America/Godthab","Amerika/Godthab"
"sv","America/Goose_Bay","Amerika/Goose Bay"
"sv","America/Grand_Turk","Amerika/Grand Turk"
"sv","America/Grenada","Amerika/Grenada"
"sv","America/Guadeloupe","Amerika/Guadeloupe"
"sv","America/Guatemala","Amerika/Guatemala"
"sv","America/Guayaquil","Amerika/Guayaquil"
"sv","America/Guyana","Amerika/Guyana"
"sv","America/Halifax","Amerika/Halifax"
"sv","America/Havana","Amerika/Havana"
"sv","America/Hermosillo","Amerika/Hermosillo"
"sv","America/Indiana/Indianapolis","Amerika/Indiana/Indianapolis"
"sv","America/Indiana/Knox","Amerika/Indiana/Knox"
"sv","America/Indiana/Marengo","Amerika/Indiana/Marengo"
"sv","America/Indiana/Petersburg","Amerika/Indiana/Petersburg"
"sv","America/Indiana/Tell_City","Amerika/Indiana/Tell City"
"sv","America/Indiana/Vevay","Amerika/Indiana/Vevay"
"sv","America/Indiana/Vincennes","Amerika/Indiana/Vincennes"
"sv","America/Indiana/Winamac","Amerika/Indiana/Winamac"
"sv","America/Indianapolis","Amerika/Indianapolis"
"sv","America/Inuvik","Amerika/Inuvik"
"sv","America/Iqaluit","Amerika/Iqaluit"
"sv","America/Jamaica","Amerika/Jamaica"
"sv","America/Jujuy","Amerika/Jujuy"
"sv","America/Juneau","Amerika/Juneau"
"sv","America/Kentucky/Louisville","Amerika/Kentucky/Louisville"
"sv","America/Kentucky/Monticello","Amerika/Kentucky/Monticello"
"sv","America/Knox_IN","Amerika/Knox IN"
"sv","America/Kralendijk","Amerika/Kralendijk"
"sv","America/La_Paz","Amerika/La Paz"
"sv","America/Lima","Amerika/Lima"
"sv","America/Los_Angeles","Amerika/Los Angeles"
"sv","America/Louisville","Amerika/Louisville"
"sv","America/Lower_Princes","Amerika/Lower Princes"
"sv","America/Maceio","Amerika/Maceio"
"sv","America/Managua","Amerika/Managua"
"sv","America/Manaus","Amerika/Manaus"
"sv","America/Marigot","Amerika/Marigot"
"sv","America/Martinique","Amerika/Martinique"
"sv","America/Matamoros","Amerika/Matamoros"
"sv","America/Mazatlan","Amerika/Mazatlan"
"sv","America/Mendoza","Amerika/Mendoza"
"sv","America/Menominee","Amerika/Menominee"
"sv","America/Merida","Amerika/Merida"
"sv","America/Metlakatla","Amerika/Metlakatla"
"sv","America/Mexico_City","Amerika/Mexico City"
"sv","America/Miquelon","Amerika/Miquelon"
"sv","America/Moncton","Amerika/Moncton"
"sv","America/Monterrey","Amerika/Monterrey"
"sv","America/Montevideo","Amerika/Montevideo"
"sv","America/Montreal","Amerika/Montreal"
"sv","America/Montserrat","Amerika/Montserrat"
"sv","America/Nassau","Amerika/Nassau"
"sv","America/New_York","Amerika/New York"
"sv","America/Nipigon","Amerika/Nipigon"
"sv","America/Nome","Amerika/Nome"
"sv","America/Noronha","Amerika/Noronha"
"sv","America/North_Dakota/Beulah","Amerika/North Dakota/Beulah"
"sv","America/North_Dakota/Center","Amerika/North Dakota/Center"
"sv","America/North_Dakota/New_Salem","Amerika/North Dakota/New Salem"
"sv","America/Nuuk","Amerika/Nuuk"
"sv","America/Ojinaga","Amerika/Ojinaga"
"sv","America/Panama","Amerika/Panama"
"sv","America/Pangnirtung","Amerika/Pangnirtung"
"sv","America/Paramaribo","Amerika/Paramaribo"
"sv","America/Phoenix","Amerika/Phoenix"
"sv","America/Port-au-Prince","Amerika/Port-au-Prince"
"sv","America/Port_of_Spain","Amerika/Port of Spain"
"sv","America/Porto_Acre","Amerika/Porto Acre"
"sv","America/Porto_Velho","Amerika/Porto Velho"
"sv","America/Puerto_Rico","Amerika/Puerto Rico"
"sv","America/Punta_Arenas","Amerika/Punta Arenas"
"sv","America/Rainy_River","Amerika/Rainy River"
"sv","America/Rankin_Inlet","Amerika/Rankin Inlet"
"sv","America/Recife","Amerika/Recife"
"sv","America/Regina","Amerika/Regina"
"sv","America/Resolute","Amerika/Resolute"
"sv","America/Rio_Branco","Amerika/Rio Branco"
"sv","America/Rosario","Amerika/Rosario"
"sv","America/Santa_Isabel","Amerika/Santa Isabel"
"sv","America/Santarem","Amerika/Santarem"
"sv","America/Santiago","Amerika/Santiago"
"sv","America/Santo_Domingo","Amerika/Santo Domingo"
"sv","America/Sao_Paulo","Amerika/Sao Paulo"
"sv","America/Scoresbysund","Amerika/Scoresbysund"
"sv","America/Shiprock","Amerika/Shiprock"
"sv","America/Sitka","Amerika/Sitka"
"sv","America/St_Barthelemy","Amerika/St. Bartholomeus"
"sv","America/St_Johns","Amerika/St. Johns"
"sv","America/St_Kitts","Amerika/St. Kitts"
"sv","America/St_Lucia","Amerika/St. Lucia"
"sv","America/St_Thomas","Amerika/St. Thomas"
"sv","America/St_Vincent","Amerika/St. Vincent"
"sv","America/Swift_Current","Amerika/Swift Current"
"sv","America/Tegucigalpa","Amerika/Tegucigalpa"
"sv","America/Thule","Amerika/Thule"
"sv","America/Thunder_Bay","Amerika/Thunder Bay"
"sv","America/Tijuana","Amerika/Tijuana"
"sv","America/Toronto","Amerika/Toronto"
"sv","America/Tortola","Amerika/Tortola"
"sv","America/Vancouver","Amerika/Vancouver"
"sv","America/Virgin","Amerika/Virgin"
"sv","America/Whitehorse","Amerika/Whitehorse"
"sv","America/Winnipeg","Amerika/Winnipeg"
"sv","America/Yakutat","Amerika/Yakutat"
"sv","America/Yellowknife","Amerika/Yellowknife"
"sv","Antarctica/Casey","Antarktis/Casey"
"sv","Antarctica/Davis","Antarktis/Davis"
"sv","Antarctica/DumontDUrville","Antarktis/Dumont d’Urville"
"sv","Antarctica/Macquarie","Antarktis/Macquarie"
"sv","Antarctica/Mawson","Antarktis/Mawson"
"sv","Antarctica/McMurdo","Antarktis/McMurdo"
"sv","Antarctica/Palmer","Antarktis/Palmer"
"sv","Antarctica/Rothera","Antarktis/Rothera"
"sv","Antarctica/South_Pole","Antarktis/South Pole"
"sv","Antarctica/Syowa","Antarktis/Syowa"
"sv","Antarctica/Troll","Antarktis/Troll"
"sv","Antarctica/Vostok","Antarktis/Vostok"
"sv","Arctic/Longyearbyen","Arktis/Longyearbyen"
"sv","Asia/Aden","Asien/Aden"
"sv","Asia/Almaty","Asien/Almaty"
"sv","Asia/Amman","Asien/Amman"
"sv","Asia/Anadyr","Asien/Anadyr"
"sv","Asia/Aqtau","Asien/Aqtau"
"sv","Asia/Aqtobe","Asien/Aqtobe"
"sv","Asia/Ashgabat","Asien/Ashgabat"
"sv","Asia/Ashkhabad","Asien/Ashkhabad"
"sv","Asia/Atyrau","Asien/Atyrau"
"sv","Asia/Baghdad","Asien/Baghdad"
"sv","Asia/Bahrain","Asien/Bahrain"
"sv","Asia/Baku","Asien/Baku"
"sv","Asia/Bangkok","Asien/Bangkok"
"sv","Asia/Barnaul","Asien/Barnaul"
"sv","Asia/Beirut","Asien/Beirut"
"sv","Asia/Bishkek","Asien/Bishkek"
"sv","Asia/Brunei","Asien/Brunei"
"sv","Asia/Calcutta","Asien/Calcutta"
"sv","Asia/Chita","Asien/Chita"
"sv","Asia/Choibalsan","Asien/Choibalsan"
"sv","Asia/Chongqing","Asien/Chongqing"
"sv","Asia/Chungking","Asien/Chungking"
"sv","Asia/Colombo","Asien/Colombo"
"sv","Asia/Dacca","Asien/Dacca"
"sv","Asia/Damascus","Asien/Damaskus"
"sv","Asia/Dhaka","Asien/Dhaka"
"sv","Asia/Dili","Asien/Dili"
"sv","Asia/Dubai","Asien/Dubai"
"sv","Asia/Dushanbe","Asien/Dushanbe"
"sv","Asia/Famagusta","Asien/Famagusta"
"sv","Asia/Gaza","Asien/Gaza"
"sv","Asia/Harbin","Asien/Harbin"
"sv","Asia/Hebron","Asien/Hebron"
"sv","Asia/Ho_Chi_Minh","Asien/Ho Chí Minh"
"sv","Asia/Hong_Kong","Asien/Hongkong"
"sv","Asia/Hovd","Asien/Hovd"
"sv","Asia/Irkutsk","Asien/Irkutsk"
"sv","Asia/Istanbul","Asien/Istanbul"
"sv","Asia/Jakarta","Asien/Jakarta"
"sv","Asia/Jayapura","Asien/Jayapura"
"sv","Asia/Jerusalem","Asien/Jerusalem"
"sv","Asia/Kabul","Asien/Kabul"
"sv","Asia/Kamchatka","Asien/Kamchatka"
"sv","Asia/Karachi","Asien/Karachi"
"sv","Asia/Kashgar","Asien/Kashgar"
"sv","Asia/Kathmandu","Asien/Kathmandu"
"sv","Asia/Katmandu","Asien/Katmandu"
"sv","Asia/Khandyga","Asien/Khandyga"
"sv","Asia/Kolkata","Asien/Kolkata"
"sv","Asia/Krasnoyarsk","Asien/Krasnojarsk"
"sv","Asia/Kuala_Lumpur","Asien/Kuala Lumpur"
"sv","Asia/Kuching","Asien/Kuching"
"sv","Asia/Kuwait","Asien/Kuwait"
"sv","Asia/Macao","Asien/Macao"
"sv","Asia/Macau","Asien/Macau"
"sv","Asia/Magadan","Asien/Magadan"
"sv","Asia/Makassar","Asien/Makassar"
"sv","Asia/Manila","Asien/Manila"
"sv","Asia/Muscat","Asien/Muscat"
"sv","Asia/Nicosia","Asien/Nicosia"
"sv","Asia/Novokuznetsk","Asien/Novokuznetsk"
"sv","Asia/Novosibirsk","Asien/Novosibirsk"
"sv","Asia/Omsk","Asien/Omsk"
"sv","Asia/Oral","Asien/Oral"
"sv","Asia/Phnom_Penh","Asien/Phnom Penh"
"sv","Asia/Pontianak","Asien/Pontianak"
"sv","Asia/Pyongyang","Asien/Pyongyang"
"sv","Asia/Qatar","Asien/Qatar"
"sv","Asia/Qostanay","Asien/Qostanay"
"sv","Asia/Qyzylorda","Asien/Qyzylorda"
"sv","Asia/Rangoon","Asien/Rangoon"
"sv","Asia/Riyadh","Asien/Riyadh"
"sv","Asia/Saigon","Asien/Saigon"
"sv","Asia/Sakhalin","Asien/Sakhalin"
"sv","Asia/Samarkand","Asien/Samarkand"
"sv","Asia/Seoul","Asien/Seoul"
"sv","Asia/Shanghai","Asien/Shanghai"
"sv","Asia/Singapore","Asien/Singapore"
"sv","Asia/Srednekolymsk","Asien/Srednekolymsk"
"sv","Asia/Taipei","Asien/Taipei"
"sv","Asia/Tashkent","Asien/Tashkent"
"sv","Asia/Tbilisi","Asien/Tbilisi"
"sv","Asia/Tehran","Asien/Tehran"
"sv","Asia/Tel_Aviv","Asien/Tel Aviv"
"sv","Asia/Thimbu","Asien/Thimbu"
"sv","Asia/Thimphu","Asien/Thimphu"
"sv","Asia/Tokyo","Asien/Tokyo"
"sv","Asia/Tomsk","Asien/Tomsk"
"sv","Asia/Ujung_Pandang","Asien/Ujung Pandang"
"sv","Asia/Ulaanbaatar","Asien/Ulaanbaatar"
"sv","Asia/Ulan_Bator","Asien/Ulan Bator"
"sv","Asia/Urumqi","Asien/Urumqi"
"sv","Asia/Ust-Nera","Asien/Ust-Nera"
"sv","Asia/Vientiane","Asien/Vientiane"
"sv","Asia/Vladivostok","Asien/Vladivostok"
"sv","Asia/Yakutsk","Asien/Jakutsk"
"sv","Asia/Yangon","Asien/Yangon"
"sv","Asia/Yekaterinburg","Asien/Jekaterinburg"
"sv","Asia/Yerevan","Asien/Jerevan"
"sv","Atlantic/Azores","Atlanten/Azorerna"
"sv","Atlantic/Bermuda","Atlanten/Bermuda"
"sv","Atlantic/Canary","Atlanten/Kanarieöarna"
"sv","Atlantic/Cape_Verde","Atlanten/Kap Verde"
"sv","Atlantic/Faeroe","Atlanten/Färöarna"
"sv","Atlantic/Faroe","Atlanten/Färöarna"
"sv","Atlantic/Jan_Mayen","Atlanten/Jan Mayen"
"sv","Atlantic/Madeira","Atlanten/Madeira"
"sv","Atlantic/Reykjavik","Atlanten/Reykjavik"
"sv","Atlantic/South_Georgia","Atlanten/Sydgeorgien"
"sv","Atlantic/St_Helena","Atlanten/St. Helena"
"sv","Atlantic/Stanley","Atlanten/Stanley"
"sv","Australia/ACT","Australien/ACT"
"sv","Australia/Adelaide","Australien/Adelaide"
"sv","Australia/Brisbane","Australien/Brisbane"
"sv","Australia/Broken_Hill","Australien/Broken Hill"
"sv","Australia/Canberra","Australien/Canberra"
"sv","Australia/Currie","Australien/Currie"
"sv","Australia/Darwin","Australien/Darwin"
"sv","Australia/Eucla","Australien/Eucla"
"sv","Australia/Hobart","Australien/Hobart"
"sv","Australia/LHI","Australien/LHI"
"sv","Australia/Lindeman","Australien/Lindeman"
"sv","Australia/Lord_Howe","Australien/Lord Howe"
"sv","Australia/Melbourne","Australien/Melbourne"
"sv","Australia/NSW","Australien/NSW"
"sv","Australia/North","Australien/North"
"sv","Australia/Perth","Australien/Perth"
"sv","Australia/Queensland","Australien/Queensland"
"sv","Australia/South","Australien/South"
"sv","Australia/Sydney","Australien/Sydney"
"sv","Australia/Tasmania","Australien/Tasmania"
"sv","Australia/Victoria","Australien/Victoria"
"sv","Australia/West","Australien/West"
"sv","Australia/Yancowinna","Australien/Yancowinna"
"sv","Brazil/Acre","Brasilien/Acre"
"sv","Brazil/DeNoronha","Brasilien/DeNoronha"
"sv","Brazil/East","Brasilien/East"
"sv","Brazil/West","Brasilien/West"
"sv","CET","CET"
"sv","CST6CDT","CST6CDT"
"sv","Canada/Atlantic","Kanada/Atlantic"
"sv","Canada/Central","Kanada/Central"
"sv","Canada/Eastern","Kanada/Eastern"
"sv","Canada/Mountain","Kanada/Mountain"
"sv","Canada/Newfoundland","Kanada/Newfoundland"
"sv","Canada/Pacific","Kanada/Pacific"
"sv","Canada/Saskatchewan","Kanada/Saskatchewan"
"sv","Canada/Yukon","Kanada/Yukon"
"sv","Chile/Continental","Chile/fastlandet"
"sv","Chile/EasterIsland","Chile/Påskön"
"sv","Cuba","Kuba"
"sv","EET","EET"
"sv","EST","EST"
"sv","EST5EDT","EST5EDT"
"sv","Egypt","Egypten"
"sv","Eire","Irland"
"sv","Etc/GMT","Etc/GMT"
"sv","Etc/GMT+0","Etc/GMT+0"
"sv","Etc/GMT+1","Etc/GMT+1"
"sv","Etc/GMT+10","Etc/GMT+10"
"sv","Etc/GMT+11","Etc/GMT+11"
"sv","Etc/GMT+12","Etc/GMT+12"
"sv","Etc/GMT+2","Etc/GMT+2"
"sv","Etc/GMT+3","Etc/GMT+3"
"sv","Etc/GMT+4","Etc/GMT+4"
"sv","Etc/GMT+5","Etc/GMT+5"
"sv","Etc/GMT+6","Etc/GMT+6"
"sv","Etc/GMT+7","Etc/GMT+7"
"sv","Etc/GMT+8","Etc/GMT+8"
"sv","Etc/GMT+9","Etc/GMT+9"
"sv","Etc/GMT-0","Etc/GMT-0"
"sv","Etc/GMT-1","Etc/GMT-1"
"sv","Etc/GMT-10","Etc/GMT-10"
"sv","Etc/GMT-11","Etc/GMT-11"
"sv","Etc/GMT-12","Etc/GMT-12"
"sv","Etc/GMT-13","Etc/GMT-13"
"sv","Etc/GMT-14","Etc/GMT-14"
"sv","Etc/GMT-2","Etc/GMT-2"
"sv","Etc/GMT-3","Etc/GMT-3"
"sv","Etc/GMT-4","Etc/GMT-4"
"sv","Etc/GMT-5","Etc/GMT-5"
"sv","Etc/GMT-6","Etc/GMT-6"
"sv","Etc/GMT-7","Etc/GMT-7"
"sv","Etc/GMT-8","Etc/GMT-8"
"sv","Etc/GMT-9","Etc/GMT-9"
"sv","Etc/GMT0","Etc/GMT0"
"sv","Etc/Greenwich","Etc/Greenwich"
"sv","Etc/UCT","Etc/UCT"
"sv","Etc/UTC","Etc/UTC"
"sv","Etc/Universal","Etc/universell"
"sv","Etc/Zulu","Etc/Zulu"
"sv","Europe/Amsterdam","Europa/Amsterdam"
"sv","Europe/Andorra","Europa/Andorra"
"sv","Europe/Astrakhan","Europa/Astrakhan"
"sv","Europe/Athens","Europa/Aten"
"sv","Europe/Belfast","Europa/Belfast"
"sv","Europe/Belgrade","Europa/Belgrad"
"sv","Europe/Berlin","Europa/Berlin"
"sv","Europe/Bratislava","Europa/Bratislava"
"sv","Europe/Brussels","Europa/Bryssel"
"sv","Europe/Bucharest","Europa/Bucharest"
"sv","Europe/Budapest","Europa/Budapest"
"sv","Europe/Busingen","Europa/Büsingen"
"sv","Europe/Chisinau","Europa/Chisinau"
"sv","Europe/Copenhagen","Europa/Köpenhamn"
"sv","Europe/Dublin","Europa/Dublin"
"sv","Europe/Gibraltar","Europa/Gibraltar"
"sv","Europe/Guernsey","Europa/Guernsey"
"sv","Europe/Helsinki","Europa/Helsinki"
"sv","Europe/Isle_of_Man","Europa/Isle of Man"
"sv","Europe/Istanbul","Europa/Istanbul"
"sv","Europe/Jersey","Europa/Jersey"
"sv","Europe/Kaliningrad","Europa/Kaliningrad"
"sv","Europe/Kiev","Europa/Kiev"
"sv","Europe/Kirov","Europa/Kirov"
"sv","Europe/Kyiv","Europa/Kyiv"
"sv","Europe/Lisbon","Europa/Lissabon"
"sv","Europe/Ljubljana","Europa/Ljubljana"
"sv","Europe/London","Europa/London"
"sv","Europe/Luxembourg","Europa/Luxemburg"
"sv","Europe/Madrid","Europa/Madrid"
"sv","Europe/Malta","Europa/Malta"
"sv","Europe/Mariehamn","Europa/Mariehamn"
"sv","Europe/Minsk","Europa/Minsk"
"sv","Europe/Monaco","Europa/Monaco"
"sv","Europe/Moscow","Europa/Moskva"
"sv","Europe/Nicosia","Europa/Nicosia"
"sv","Europe/Oslo","Europa/Oslo"
"sv","Europe/Paris","Europa/Paris"
"sv","Europe/Podgorica","Europa/Podgorica"
"sv","Europe/Prague","Europa/Prag"
"sv","Europe/Riga","Europa/Riga"
"sv","Europe/Rome","Europa/Rom"
"sv","Europe/Samara","Europa/Samara"
"sv","Europe/San_Marino","Europa/San Marino"
"sv","Europe/Sarajevo","Europa/Sarajevo"
"sv","Europe/Saratov","Europa/Saratov"
"sv","Europe/Simferopol","Europa/Simferopol"
"sv","Europe/Skopje","Europa/Skopje"
"sv","Europe/Sofia","Europa/Sofia"
"sv","Europe/Stockholm","Europa/Stockholm"
"sv","Europe/Tallinn","Europa/Tallinn"
"sv","Europe/Tirane","Europa/Tirana"
"sv","Europe/Tiraspol","Europa/Tiraspol"
"sv","Europe/Ulyanovsk","Europa/Uljanovsk"
"sv","Europe/Uzhgorod","Europa/Uzhgorod"
"sv","Europe/Vaduz","Europa/Vaduz"
"sv","Europe/Vatican","Europa/Vatikanstaten"
"sv","Europe/Vienna","Europa/Wien"
"sv","Europe/Vilnius","Europa/Vilnius"
"sv","Europe/Volgograd","Europa/Volgograd"
"sv","Europe/Warsaw","Europa/Warszawa"
"sv","Europe/Zagreb","Europa/Zagreb"
"sv","Europe/Zaporozhye","Europa/Zaporizjzja"
"sv","Europe/Zurich","Europa/Zürich"
"sv","GB","GB"
"sv","GB-Eire","GB-Eire"
"sv","GMT","GMT"
"sv","GMT+0","GMT+0"
"sv","GMT-0","GMT-0"
"sv","GMT0","GMT0"
"sv","Greenwich","Greenwich"
"sv","HST","HST"
"sv","Hongkong","Hongkong"
"sv","Iceland","Island"
"sv","Indian/Antananarivo","Indiska oceanen/Antananarivo"
"sv","Indian/Chagos","Indiska oceanen/Chagos"
"sv","Indian/Christmas","Indiska oceanen/Julön"
"sv","Indian/Cocos","Indiska oceanen/Cocos"
"sv","Indian/Comoro","Indiska oceanen/Komorerna"
"sv","Indian/Kerguelen","Indiska oceanen/Kerguelen"
"sv","Indian/Mahe","Indiska oceanen/Mahe"
"sv","Indian/Maldives","Indiska oceanen/Maldiverna"
"sv","Indian/Mauritius","Indiska oceanen/Mauritius"
"sv","Indian/Mayotte","Indiska oceanen/Mayotte"
"sv","Indian/Reunion","Indiska oceanen/Reunion"
"sv","Iran","Iran"
"sv","Israel","Israel"
"sv","Jamaica","Jamaica"
"sv","Japan","Japan"
"sv","Kwajalein","Kwajalein"
"sv","Libya","Libyen"
"sv","MET","MET"
"sv","MST","MST"
"sv","MST7MDT","MST7MDT"
"sv","Mexico/BajaNorte","Mexiko/Baja Norte"
"sv","Mexico/BajaSur","Mexiko/Baja Sur"
"sv","Mexico/General","Mexiko/General"
"sv","NZ","NZ"
"sv","NZ-CHAT","NZ-CHAT"
"sv","Navajo","Navajo"
"sv","PRC","PRC"
"sv","PST8PDT","PST8PDT"
"sv","Pacific/Apia","Stilla havet/Apia"
"sv","Pacific/Auckland","Stilla havet/Auckland"
"sv","Pacific/Bougainville","Stilla havet/Bougainville"
"sv","Pacific/Chatham","Stilla havet/Chatham"
"sv","Pacific/Chuuk","Stilla havet/Chuuk"
"sv","Pacific/Easter","Stilla havet/Påskön"
"sv","Pacific/Efate","Stilla havet/Efate"
"sv","Pacific/Enderbury","Stilla havet/Enderbury"
"sv","Pacific/Fakaofo","Stilla havet/Fakaofo"
"sv","Pacific/Fiji","Stilla havet/Fiji"
"sv","Pacific/Funafuti","Stilla havet/Funafuti"
"sv","Pacific/Galapagos","Stilla havet/Galapagos"
"sv","Pacific/Gambier","Stilla havet/Gambier"
"sv","Pacific/Guadalcanal","Stilla havet/Guadalcanal"
"sv","Pacific/Guam","Stilla havet/Guam"
"sv","Pacific/Honolulu","Stilla havet/Honolulu"
"sv","Pacific/Johnston","Stilla havet/Johnston"
"sv","Pacific/Kanton","Stilla havet/Kanton"
"sv","Pacific/Kiritimati","Stilla havet/Kiritimati"
"sv","Pacific/Kosrae","Stilla havet/Kosrae"
"sv","Pacific/Kwajalein","Stilla havet/Kwajalein"
"sv","Pacific/Majuro","Stilla havet/Majuro"
"sv","Pacific/Marquesas","Stilla havet/Marquesas"
"sv","Pacific/Midway","Stilla havet/Midway"
"sv","Pacific/Nauru","Stilla havet/Nauru"
"sv","Pacific/Niue","Stilla havet/Niue"
"sv","Pacific/Norfolk","Stilla havet/Norfolk"
"sv","Pacific/Noumea","Stilla havet/Noumea"
"sv","Pacific/Pago_Pago","Stilla havet/Pago Pago"
"sv","Pacific/Palau","Stilla havet/Palau"
"sv","Pacific/Pitcairn","Stilla havet/Pitcairn"
"sv","Pacific/Pohnpei","Stilla havet/Pohnpei"
"sv","Pacific/Ponape","Stilla havet/Ponape"
"sv","Pacific/Port_Moresby","Stilla havet/Port Moresby"
"sv","Pacific/Rarotonga","Stilla havet/Rarotonga"
"sv","Pacific/Saipan","Stilla havet/Saipan"
"sv","Pacific/Samoa","Stilla havet/Samoa"
"sv","Pacific/Tahiti","Stilla havet/Tahiti"
"sv","Pacific/Tarawa","Stilla havet/Tarawa"
"sv","Pacific/Tongatapu","Stilla havet/Tongatapu"
"sv","Pacific/Truk","Stilla havet/Truk"
"sv","Pacific/Wake","Stilla havet/Wake"
"sv","Pacific/Wallis","Stilla havet/Wallis"
"sv","Pacific/Yap","Stilla havet/Yap"
"sv","Poland","Polen"
"sv","Portugal","Portugal"
"sv","ROC","ROC"
"sv","ROK","ROK"
"sv","Singapore","Singapore"
"sv","Turkey","Turkiet"
"sv","UCT","UCT"
"sv","US/Alaska","USA/Alaska"
"sv","US/Aleutian","USA/Aleutian"
"sv","US/Arizona","USA/Arizona"
"sv","US/Central","USA/Central"
"sv","US/East-Indiana","USA/East-Indiana"
"sv","US/Eastern","USA/Eastern"
"sv","US/Hawaii","USA/Hawaii"
"sv","US/Indiana-Starke","USA/Indiana-Starke"
"sv","US/Michigan","USA/Michigan"
"sv","US/Mountain","USA/Mountain"
"sv","US/Pacific","USA/Pacific"
"sv","US/Samoa","USA/Samoa"
"sv","UTC","UTC"
"sv","Universal","Universell"
"sv","W-SU","W-SU"
"sv","WET","WET"
"sv","Zulu","Zulu"