locale,code,name
"no","Africa/Abidjan","Afrika/Abidjan"
"no","Africa/Accra","Afrika/Accra"
"no","Africa/Addis_Ababa","Afrika/Addis Abeba"
"no","Africa/Algiers","Afrika/Alger"
"no","Africa/Asmara","Afrika/Asmara"
"no","Africa/Asmera","Afrika/Asmera"
"no","Africa/Bamako","Afrika/Bamako"
"no","Africa/Bangui","Afrika/Bangui"
"no","Africa/Banjul","Afrika/Banjul"
"no","Africa/Bissau","Afrika/Bissau"
"no","Africa/Blantyre","Afrika/Blantyre"
"no","Africa/Brazzaville","Afrika/Brazzaville"
"no","Africa/Bujumbura","Afrika/Bujumbura"
"no","Africa/Cairo","Afrika/Kairo"
"no","Africa/Casablanca","Afrika/Casablanca"
"no","Africa/Ceuta","Afrika/Ceuta"
"no","Africa/Conakry","Afrika/Conakry"
"no","Africa/Dakar","Afrika/Dakar"
"no","Africa/Dar_es_Salaam","Afrika/Dar es Salaam"
"no","Africa/Djibouti","Afrika/Djibouti"
"no","Africa/Douala","Afrika/Douala"
"no","Africa/El_Aaiun","Afrika/El Aaiun"
"no","Africa/Freetown","Afrika/Freetown"
"no","Africa/Gaborone","Afrika/Gaborone"
"no","Africa/Harare","Afrika/Harare"
"no","Africa/Johannesburg","Afrika/Johannesburg"
"no","Africa/Juba","Afrika/Juba"
"no","Africa/Kampala","Afrika/Kampala"
"no","Africa/Khartoum","Afrika/Khartoum"
"no","Africa/Kigali","Afrika/Kigali"
"no","Africa/Kinshasa","Afrika/Kinshasa"
"no","Africa/Lagos","Afrika/Lagos"
"no","Africa/Libreville","Afrika/Libreville"
"no","Africa/Lome","Afrika/Lome"
"no","Africa/Luanda","Afrika/Luanda"
"no","Africa/Lubumbashi","Afrika/Lubumbashi"
"no","Africa/Lusaka","Afrika/Lusaka"
"no","Africa/Malabo","Afrika/Malabo"
"no","Africa/Maputo","Afrika/Maputo"
"no","Africa/Maseru","Afrika/Maseru"
"no","Africa/Mbabane","Afrika/Mbabane"
"no","Africa/Mogadishu","Afrika/Mogadishu"
"no","Africa/Monrovia","Afrika/Monrovia"
"no","Africa/Nairobi","Afrika/Nairobi"
"no","Africa/Ndjamena","Afrika/Ndjamena"
"no","Africa/Niamey","Afrika/Niamey"
"no","Africa/Nouakchott","Afrika/Nouakchott"
"no","Africa/Ouagadougou","Afrika/Ouagadougou"
"no","Africa/Porto-Novo","Afrika/Porto-Novo"
"no","Africa/Sao_Tome","Afrika/Sao Tome"
"no","Africa/Timbuktu","Afrika/Timbuktu"
"no","Africa/Tripoli","Afrika/Tripoli"
"no","Africa/Tunis","Afrika/Tunis"
"no","Africa/Windhoek","Afrika/Windhoek"
"no","America/Adak","Amerika/Adak"
"no","America/Anchorage","Amerika/Anchorage"
"no","America/Anguilla","Amerika/Anguilla"
"no","America/Antigua","Amerika/Antigua"
"no","America/Araguaina","Amerika/Araguaina"
"no","America/Argentina/Buenos_Aires","Amerika/Argentina/Buenos Aires"
"no","America/Argentina/Catamarca","Amerika/Argentina/Catamarca"
"no","America/Argentina/ComodRivadavia","Amerika/Argentina/Comodoro Rivadavia"
"no","America/Argentina/Cordoba","Amerika/Argentina/Cordoba"
"no","America/Argentina/Jujuy","Amerika/Argentina/Jujuy"
"no","America/Argentina/La_Rioja","Amerika/Argentina/La Rioja"
"no","America/Argentina/Mendoza","Amerika/Argentina/Mendoza"
"no","America/Argentina/Rio_Gallegos","Amerika/Argentina/Rio Gallegos"
"no","America/Argentina/Salta","Amerika/Argentina/Salta"
"no","America/Argentina/San_Juan","Amerika/Argentina/San Juan"
"no","America/Argentina/San_Luis","Amerika/Argentina/San Luis"
"no","America/Argentina/Tucuman","Amerika/Argentina/Tucuman"
"no","America/Argentina/Ushuaia","Amerika/Argentina/Ushuaia"
"no","America/Aruba","Amerika/Aruba"
"no","America/Asuncion","Amerika/Asuncion"
"no","America/Atikokan","Amerika/Atikokan"
"no","America/Atka","Amerika/Atka"
"no","America/Bahia","Amerika/Bahia"
"no","America/Bahia_Banderas","Amerika/Bahia Banderas"
"no","America/Barbados","Amerika/Barbados"
"no","America/Belem","Amerika/Belem"
"no","America/Belize","Amerika/Belize"
"no","America/Blanc-Sablon","Amerika/Blanc-Sablon"
"no","America/Boa_Vista","Amerika/Boa Vista"
"no","America/Bogota","Amerika/Bogota"
"no","America/Boise","Amerika/Boise"
"no","America/Buenos_Aires","Amerika/Buenos Aires"
"no","America/Cambridge_Bay","Amerika/Cambridge Bay"
"no","America/Campo_Grande","Amerika/Campo Grande"
"no","America/Cancun","Amerika/Cancun"
"no","America/Caracas","Amerika/Caracas"
"no","America/Catamarca","Amerika/Catamarca"
"no","America/Cayenne","Amerika/Cayenne"
"no","America/Cayman","Amerika/Cayman"
"no","America/Chicago","Amerika/Chicago"
"no","America/Chihuahua","Amerika/Chihuahua"
"no","America/Ciudad_Juarez","Amerika / Ciudad Juarez"
"no","America/Coral_Harbour","Amerika/Coral Harbour"
"no","America/Cordoba","Amerika/Cordoba"
"no","America/Costa_Rica","Amerika/Costa Rica"
"no","America/Creston","Amerika/Creston"
"no","America/Cuiaba","Amerika/Cuiaba"
"no","America/Curacao","Amerika/Curacao"
"no","America/Danmarkshavn","Amerika/Danmarkshavn"
"no","America/Dawson","Amerika/Dawson"
"no","America/Dawson_Creek","Amerika/Dawson Creek"
"no","America/Denver","Amerika/Denver"
"no","America/Detroit","Amerika/Detroit"
"no","America/Dominica","Amerika/Dominica"
"no","America/Edmonton","Amerika/Edmonton"
"no","America/Eirunepe","Amerika/Eirunepe"
"no","America/El_Salvador","Amerika/El Salvador"
"no","America/Ensenada","Amerika/Ensenada"
"no","America/Fort_Nelson","Amerika/Fort Nelson"
"no","America/Fort_Wayne","Amerika/Fort Wayne"
"no","America/Fortaleza","Amerika/Fortaleza"
"no","America/Glace_Bay","Amerika/Glace Bay"
"no","America/Godthab","Amerika/Godthab"
"no","America/Goose_Bay","Amerika/Goose Bay"
"no","America/Grand_Turk","Amerika/Grand Turk"
"no","America/Grenada","Amerika/Grenada"
"no","America/Guadeloupe","Amerika/Guadeloupe"
"no","America/Guatemala","Amerika/Guatemala"
"no","America/Guayaquil","Amerika/Guayaquil"
"no","America/Guyana","Amerika/Guyana"
"no","America/Halifax","Amerika/Halifax"
"no","America/Havana","Amerika/Havana"
"no","America/Hermosillo","Amerika/Hermosillo"
"no","America/Indiana/Indianapolis","Amerika/Indiana/Indianapolis"
"no","America/Indiana/Knox","Amerika/Indiana/Knox"
"no","America/Indiana/Marengo","Amerika/Indiana/Marengo"
"no","America/Indiana/Petersburg","Amerika/Indiana/Petersburg"
"no","America/Indiana/Tell_City","Amerika/Indiana/Tell City"
"no","America/Indiana/Vevay","Amerika/Indiana/Vevay"
"no","America/Indiana/Vincennes","Amerika/Indiana/Vincennes"
"no","America/Indiana/Winamac","Amerika/Indiana/Winamac"
"no","America/Indianapolis","Amerika/Indianapolis"
"no","America/Inuvik","Amerika/Inuvik"
"no","America/Iqaluit","Amerika/Iqaluit"
"no","America/Jamaica","Amerika/Jamaica"
"no","America/Jujuy","Amerika/Jujuy"
"no","America/Juneau","Amerika/Juneau"
"no","America/Kentucky/Louisville","Amerika/Kentucky/Louisville"
"no","America/Kentucky/Monticello","Amerika/Kentucky/Monticello"
"no","America/Knox_IN","Amerika/Knox IN"
"no","America/Kralendijk","Amerika/Kralendijk"
"no","America/La_Paz","Amerika/La Paz"
"no","America/Lima","Amerika/Lima"
"no","America/Los_Angeles","Amerika/Los Angeles"
"no","America/Louisville","Amerika/Louisville"
"no","America/Lower_Princes","Amerika/Lower Princes"
"no","America/Maceio","Amerika/Maceio"
"no","America/Managua","Amerika/Managua"
"no","America/Manaus","Amerika/Manaus"
"no","America/Marigot","Amerika/Marigot"
"no","America/Martinique","Amerika/Martinique"
"no","America/Matamoros","Amerika/Matamoros"
"no","America/Mazatlan","Amerika/Mazatlan"
"no","America/Mendoza","Amerika/Mendoza"
"no","America/Menominee","Amerika/Menominee"
"no","America/Merida","Amerika/Merida"
"no","America/Metlakatla","Amerika/Metlakatla"
"no","America/Mexico_City","Amerika/Mexico City"
"no","America/Miquelon","Amerika/Miquelon"
"no","America/Moncton","Amerika/Moncton"
"no","America/Monterrey","Amerika/Monterrey"
"no","America/Montevideo","Amerika/Montevideo"
"no","America/Montreal","Amerika/Montreal"
"no","America/Montserrat","Amerika/Montserrat"
"no","America/Nassau","Amerika/Nassau"
"no","America/New_York","Amerika/New York"
"no","America/Nipigon","Amerika/Nipigon"
"no","America/Nome","Amerika/Nome"
"no","America/Noronha","Amerika/Noronha"
"no","America/North_Dakota/Beulah","Amerika/North Dakota/Beulah"
"no","America/North_Dakota/Center","Amerika/North Dakota/Center"
"no","America/North_Dakota/New_Salem","Amerika/North Dakota/New Salem"
"no","America/Nuuk","Amerika/Nuuk"
"no","America/Ojinaga","Amerika/Ojinaga"
"no","America/Panama","Amerika/Panama"
"no","America/Pangnirtung","Amerika/Pangnirtung"
"no","America/Paramaribo","Amerika/Paramaribo"
"no","America/Phoenix","Amerika/Phoenix"
"no","America/Port-au-Prince","Amerika/Port-au-Prince"
"no","America/Port_of_Spain","Amerika/Port of Spain"
"no","America/Porto_Acre","Amerika/Porto Acre"
"no","America/Porto_Velho","Amerika/Porto Velho"
"no","America/Puerto_Rico","Amerika/Puerto Rico"
"no","America/Punta_Arenas","Amerika/Punta Arenas"
"no","America/Rainy_River","Amerika/Rainy River"
"no","America/Rankin_Inlet","Amerika/Rankin Inlet"
"no","America/Recife","Amerika/Recife"
"no","America/Regina","Amerika/Regina"
"no","America/Resolute","Amerika/Resolute"
"no","America/Rio_Branco","Amerika/Rio Branco"
"no","America/Rosario","Amerika/Rosario"
"no","America/Santa_Isabel","Amerika/Santa Isabel"
"no","America/Santarem","Amerika/Santarem"
"no","America/Santiago","Amerika/Santiago"
"no","America/Santo_Domingo","Amerika/Santo Domingo"
"no","America/Sao_Paulo","Amerika/Sao Paulo"
"no","America/Scoresbysund","Amerika/Scoresbysund"
"no","America/Shiprock","Amerika/Shiprock"
"no","America/Sitka","Amerika/Sitka"
"no","America/St_Barthelemy","Amerika/Saint-Barthélemy"
"no","America/St_Johns","Amerika/St. John's"
"no","America/St_Kitts","Amerika/Saint Kitts"
"no","America/St_Lucia","Amerika/Saint Lucia"
"no","America/St_Thomas","Amerika/St. Thomas"
"no","America/St_Vincent","Amerika/St. Vincent"
"no","America/Swift_Current","Amerika/Swift Current"
"no","America/Tegucigalpa","Amerika/Tegucigalpa"
"no","America/Thule","Amerika/Thule"
"no","America/Thunder_Bay","Amerika/Thunder Bay"
"no","America/Tijuana","Amerika/Tijuana"
"no","America/Toronto","Amerika/Toronto"
"no","America/Tortola","Amerika/Tortola"
"no","America/Vancouver","Amerika/Vancouver"
"no","America/Virgin","Amerika/Virgin"
"no","America/Whitehorse","Amerika/Whitehorse"
"no","America/Winnipeg","Amerika/Winnipeg"
"no","America/Yakutat","Amerika/Yakutat"
"no","America/Yellowknife","Amerika/Yellowknife"
"no","Antarctica/Casey","Antarktis/Casey"
"no","Antarctica/Davis","Antarktis/Davis"
"no","Antarctica/DumontDUrville","Antarktis/Dumont d'Urville"
"no","Antarctica/Macquarie","Antarktis/Macquarie"
"no","Antarctica/Mawson","Antarktis/Mawson"
"no","Antarctica/McMurdo","Antarktis/McMurdo"
"no","Antarctica/Palmer","Antarktis/Palmer"
"no","Antarctica/Rothera","Antarktis/Rothera"
"no","Antarctica/South_Pole","Antarktis/Sydpolen"
"no","Antarctica/Syowa","Antarktis/Syowa"
"no","Antarctica/Troll","Antarktis/Troll"
"no","Antarctica/Vostok","Antarktis/Vostok"
"no","Arctic/Longyearbyen","Arctic/Longyearbyen"
"no","Asia/Aden","Asia/Aden"
"no","Asia/Almaty","Asia/Almaty"
"no","Asia/Amman","Asia/Amman"
"no","Asia/Anadyr","Asia/Anadyr"
"no","Asia/Aqtau","Asia/Aqtau"
"no","Asia/Aqtobe","Asia/Aqtobe"
"no","Asia/Ashgabat","Asia/Ashgabat"
"no","Asia/Ashkhabad","Asia/Ashkhabad"
"no","Asia/Atyrau","Asia/Atyrau"
"no","Asia/Baghdad","Asia/Bagdad"
"no","Asia/Bahrain","Asia/Bahrain"
"no","Asia/Baku","Asia/Baku"
"no","Asia/Bangkok","Asia/Bangkok"
"no","Asia/Barnaul","Asia/Barnaul"
"no","Asia/Beirut","Asia/Beirut"
"no","Asia/Bishkek","Asia/Bishkek"
"no","Asia/Brunei","Asia/Brunei"
"no","Asia/Calcutta","Asia/Calcutta"
"no","Asia/Chita","Asia/Chita"
"no","Asia/Choibalsan","Asia/Choibalsan"
"no","Asia/Chongqing","Asia/Chongqing"
"no","Asia/Chungking","Asia/Chungking"
"no","Asia/Colombo","Asia/Colombo"
"no","Asia/Dacca","Asia/Dacca"
"no","Asia/Damascus","Asia/Damaskus"
"no","Asia/Dhaka","Asia/Dhaka"
"no","Asia/Dili","Asia/Dili"
"no","Asia/Dubai","Asia/Dubai"
"no","Asia/Dushanbe","Asia/Dushanbe"
"no","Asia/Famagusta","Asia/Famagusta"
"no","Asia/Gaza","Asia/Gaza"
"no","Asia/Harbin","Asia/Harbin"
"no","Asia/Hebron","Asia/Hebron"
"no","Asia/Ho_Chi_Minh","Asia/Ho Chi Minh"
"no","Asia/Hong_Kong","Asia/Hong Kong"
"no","Asia/Hovd","Asia/Hovd"
"no","Asia/Irkutsk","Asia/Irkutsk"
"no","Asia/Istanbul","Asia/Istanbul"
"no","Asia/Jakarta","Asia/Jakarta"
"no","Asia/Jayapura","Asia/Jayapura"
"no","Asia/Jerusalem","Asia/Jerusalem"
"no","Asia/Kabul","Asia/Kabul"
"no","Asia/Kamchatka","Asia/Kamtsjatka"
"no","Asia/Karachi","Asia/Karachi"
"no","Asia/Kashgar","Asia/Kashgar"
"no","Asia/Kathmandu","Asia/Kathmandu"
"no","Asia/Katmandu","Asia/Katmandu"
"no","Asia/Khandyga","Asia/Khandyga"
"no","Asia/Kolkata","Asia/Kolkata"
"no","Asia/Krasnoyarsk","Asia/Krasnojarsk"
"no","Asia/Kuala_Lumpur","Asia/Kuala Lumpur"
"no","Asia/Kuching","Asia/Kuching"
"no","Asia/Kuwait","Asia/Kuwait"
"no","Asia/Macao","Asia/Macao"
"no","Asia/Macau","Asia/Macau"
"no","Asia/Magadan","Asia/Magadan"
"no","Asia/Makassar","Asia/Makassar"
"no","Asia/Manila","Asia/Manila"
"no","Asia/Muscat","Asia/Muskat"
"no","Asia/Nicosia","Asia/Nikosia"
"no","Asia/Novokuznetsk","Asia/Novokuznetsk"
"no","Asia/Novosibirsk","Asia/Novosibirsk"
"no","Asia/Omsk","Asia/Omsk"
"no","Asia/Oral","Asia/Oral"
"no","Asia/Phnom_Penh","Asia/Phnom Penh"
"no","Asia/Pontianak","Asia/Pontianak"
"no","Asia/Pyongyang","Asia/Pyongyang"
"no","Asia/Qatar","Asia/Qatar"
"no","Asia/Qostanay","Asia/Qostanay"
"no","Asia/Qyzylorda","Asia/Qyzylorda"
"no","Asia/Rangoon","Asia/Rangoon"
"no","Asia/Riyadh","Asia/Riyadh"
"no","Asia/Saigon","Asia/Saigon"
"no","Asia/Sakhalin","Asia/Sakhalin"
"no","Asia/Samarkand","Asia/Samarkand"
"no","Asia/Seoul","Asia/Seoul"
"no","Asia/Shanghai","Asia/Shanghai"
"no","Asia/Singapore","Asia/Singapore"
"no","Asia/Srednekolymsk","Asia/Srednekolymsk"
"no","Asia/Taipei","Asia/Taipei"
"no","Asia/Tashkent","Asia/Tashkent"
"no","Asia/Tbilisi","Asia/Tbilisi"
"no","Asia/Tehran","Asia/Tehran"
"no","Asia/Tel_Aviv","Asia/Tel Aviv"
"no","Asia/Thimbu","Asia/Thimbu"
"no","Asia/Thimphu","Asia/Thimphu"
"no","Asia/Tokyo","Asia/Tokyo"
"no","Asia/Tomsk","Asia/Tomsk"
"no","Asia/Ujung_Pandang","Asia/Ujung Pandang"
"no","Asia/Ulaanbaatar","Asia/Ulaanbaatar"
"no","Asia/Ulan_Bator","Asia/Ulan Bator"
"no","Asia/Urumqi","Asia/Urumqi"
"no","Asia/Ust-Nera","Asia/Ust-Nera"
"no","Asia/Vientiane","Asia/Vientiane"
"no","Asia/Vladivostok","Asia/Vladivostok"
"no","Asia/Yakutsk","Asia/Yakutsk"
"no","Asia/Yangon","Asia/Yangon"
"no","Asia/Yekaterinburg","Asia/Jekaterinburg"
"no","Asia/Yerevan","Asia/Jerevan"
"no","Atlantic/Azores","Atlanteren/Azorene"
"no","Atlantic/Bermuda","Atlanteren/Bermuda"
"no","Atlantic/Canary","Atlanteren/Kanariøyene"
"no","Atlantic/Cape_Verde","Atlanteren/Kapp Verde"
"no","Atlantic/Faeroe","Atlanteren/Færøyene"
"no","Atlantic/Faroe","Atlanteren/Færøyene"
"no","Atlantic/Jan_Mayen","Atlanteren/Jan Mayen"
"no","Atlantic/Madeira","Atlanteren/Madeira"
"no","Atlantic/Reykjavik","Atlanteren/Reykjavik"
"no","Atlantic/South_Georgia","Atlanteren/Sør-Georgia"
"no","Atlantic/St_Helena","Atlanteren/St. Helena"
"no","Atlantic/Stanley","Atlanteren/Stanley"
"no","Australia/ACT","Australia/hovedstadsområde"
"no","Australia/Adelaide","Australia/Adelaide"
"no","Australia/Brisbane","Australia/Brisbane"
"no","Australia/Broken_Hill","Australia/Broken Hill"
"no","Australia/Canberra","Australia/Canberra"
"no","Australia/Currie","Australia/Currie"
"no","Australia/Darwin","Australia/Darwin"
"no","Australia/Eucla","Australia/Eucla"
"no","Australia/Hobart","Australia/Hobart"
"no","Australia/LHI","Australia/LHI"
"no","Australia/Lindeman","Australia/Lindeman"
"no","Australia/Lord_Howe","Australia/Lord Howe"
"no","Australia/Melbourne","Australia/Melbourne"
"no","Australia/NSW","Australia/NSW"
"no","Australia/North","Australia/Nord"
"no","Australia/Perth","Australia/Perth"
"no","Australia/Queensland","Australia/Queensland"
"no","Australia/South","Australia/Sør"
"no","Australia/Sydney","Australia/Sydney"
"no","Australia/Tasmania","Australia/Tasmania"
"no","Australia/Victoria","Australia/Victoria"
"no","Australia/West","Australia/Vest"
"no","Australia/Yancowinna","Australia/Yancowinna"
"no","Brazil/Acre","Brasil/Acre"
"no","Brazil/DeNoronha","Brasil/DeNoronha"
"no","Brazil/East","Brasil/Øst"
"no","Brazil/West","Brasil/Vest"
"no","CET","CET"
"no","CST6CDT","CST6CDT"
"no","Canada/Atlantic","Canada/Atlantic"
"no","Canada/Central","Canada/Central"
"no","Canada/Eastern","Canada/Eastern"
"no","Canada/Mountain","Canada/Mountain"
"no","Canada/Newfoundland","Canada/Newfoundland"
"no","Canada/Pacific","Canada/Pacific"
"no","Canada/Saskatchewan","Canada/Saskatchewan"
"no","Canada/Yukon","Canada/Yukon"
"no","Chile/Continental","Chile/fastlands"
"no","Chile/EasterIsland","Chile/Påskeøya"
"no","Cuba","Cuba"
"no","EET","EET"
"no","EST","EST"
"no","EST5EDT","EST5EDT"
"no","Egypt","Egypt"
"no","Eire","Eire"
"no","Etc/GMT","Etc/GMT"
"no","Etc/GMT+0","Etc/GMT+0"
"no","Etc/GMT+1","Etc/GMT+1"
"no","Etc/GMT+10","Etc/GMT+10"
"no","Etc/GMT+11","Etc/GMT+11"
"no","Etc/GMT+12","Etc/GMT+12"
"no","Etc/GMT+2","Etc/GMT+2"
"no","Etc/GMT+3","Etc/GMT+3"
"no","Etc/GMT+4","Etc/GMT+4"
"no","Etc/GMT+5","Etc/GMT+5"
"no","Etc/GMT+6","Etc/GMT+6"
"no","Etc/GMT+7","Etc/GMT+7"
"no","Etc/GMT+8","Etc/GMT+8"
"no","Etc/GMT+9","Etc/GMT+9"
"no","Etc/GMT-0","Etc/GMT-0"
"no","Etc/GMT-1","Etc/GMT-1"
"no","Etc/GMT-10","Etc/GMT-10"
"no","Etc/GMT-11","Etc/GMT-11"
"no","Etc/GMT-12","Etc/GMT-12"
"no","Etc/GMT-13","Etc/GMT-13"
"no","Etc/GMT-14","Etc/GMT-14"
"no","Etc/GMT-2","Etc/GMT-2"
"no","Etc/GMT-3","Etc/GMT-3"
"no","Etc/GMT-4","Etc/GMT-4"
"no","Etc/GMT-5","Etc/GMT-5"
"no","Etc/GMT-6","Etc/GMT-6"
"no","Etc/GMT-7","Etc/GMT-7"
"no","Etc/GMT-8","Etc/GMT-8"
"no","Etc/GMT-9","Etc/GMT-9"
"no","Etc/GMT0","Etc/GMT0"
"no","Etc/Greenwich","Etc/Greenwich"
"no","Etc/UCT","Etc/UCT"
"no","Etc/UTC","Etc/UTC"
"no","Etc/Universal","Etc/Universal"
"no","Etc/Zulu","Etc/Zulu"
"no","Europe/Amsterdam","Europa/Amsterdam"
"no","Europe/Andorra","Europa/Andorra"
"no","Europe/Astrakhan","Europa/Astrakhan"
"no","Europe/Athens","Europa/Athen"
"no","Europe/Belfast","Europa/Belfast"
"no","Europe/Belgrade","Europa/Beograd"
"no","Europe/Berlin","Europa/Berlin"
"no","Europe/Bratislava","Europa/Bratislava"
"no","Europe/Brussels","Europa/Brussel"
"no","Europe/Bucharest","Europa/Bucharest"
"no","Europe/Budapest","Europa/Budapest"
"no","Europe/Busingen","Europa/Busingen"
"no","Europe/Chisinau","Europa/Chisinau"
"no","Europe/Copenhagen","Europa/København"
"no","Europe/Dublin","Europa/Dublin"
"no","Europe/Gibraltar","Europa/Gibraltar"
"no","Europe/Guernsey","Europa/Guernsey"
"no","Europe/Helsinki","Europa/Helsinki"
"no","Europe/Isle_of_Man","Europa/Isle of Man"
"no","Europe/Istanbul","Europa/Istanbul"
"no","Europe/Jersey","Europa/Jersey"
"no","Europe/Kaliningrad","Europa/Kaliningrad"
"no","Europe/Kiev","Europa/Kiev"
"no","Europe/Kirov","Europa/Kirov"
"no","Europe/Kyiv","Europa/Kiev"
"no","Europe/Lisbon","Europa/Lisboa"
"no","Europe/Ljubljana","Europa/Ljubljana"
"no","Europe/London","Europa/London"
"no","Europe/Luxembourg","Europa/Luxembourg"
"no","Europe/Madrid","Europa/Madrid"
"no","Europe/Malta","Europa/Malta"
"no","Europe/Mariehamn","Europa/Mariehamn"
"no","Europe/Minsk","Europa/Minsk"
"no","Europe/Monaco","Europa/Monaco"
"no","Europe/Moscow","Europa/Moskva"
"no","Europe/Nicosia","Europa/Nicosia"
"no","Europe/Oslo","Europa/Oslo"
"no","Europe/Paris","Europa/Paris"
"no","Europe/Podgorica","Europa/Podgorica"
"no","Europe/Prague","Europa/Praha"
"no","Europe/Riga","Europa/Riga"
"no","Europe/Rome","Europa/Roma"
"no","Europe/Samara","Europa/Samara"
"no","Europe/San_Marino","Europa/San Marino"
"no","Europe/Sarajevo","Europa/Sarajevo"
"no","Europe/Saratov","Europa/Saratov"
"no","Europe/Simferopol","Europa/Simferopol"
"no","Europe/Skopje","Europa/Skopje"
"no","Europe/Sofia","Europa/Sofia"
"no","Europe/Stockholm","Europa/Stockholm"
"no","Europe/Tallinn","Europa/Tallinn"
"no","Europe/Tirane","Europa/Tirana"
"no","Europe/Tiraspol","Europa/Tiraspol"
"no","Europe/Ulyanovsk","Europa/Ulyanovsk"
"no","Europe/Uzhgorod","Europa/Uzhgorod"
"no","Europe/Vaduz","Europa/Vaduz"
"no","Europe/Vatican","Europa/Vatikanstaten"
"no","Europe/Vienna","Europa/Wien"
"no","Europe/Vilnius","Europa/Vilnius"
"no","Europe/Volgograd","Europa/Volgograd"
"no","Europe/Warsaw","Europa/Warsawa"
"no","Europe/Zagreb","Europa/Zagreb"
"no","Europe/Zaporozhye","Europa/Zaporozhye"
"no","Europe/Zurich","Europa/Zurich"
"no","GB","GB"
"no","GB-Eire","GB-Irland"
"no","GMT","GMT"
"no","GMT+0","GMT+0"
"no","GMT-0","GMT-0"
"no","GMT0","GMT0"
"no","Greenwich","Greenwich"
"no","HST","HST"
"no","Hongkong","Hongkong"
"no","Iceland","Island"
"no","Indian/Antananarivo","Det indiske hav/Antananarivo"
"no","Indian/Chagos","Det indiske hav/Chagos"
"no","Indian/Christmas","Det indiske hav/Christmasøya"
"no","Indian/Cocos","Det indiske hav/Kokosøyene"
"no","Indian/Comoro","Det indiske hav/Komorene"
"no","Indian/Kerguelen","Det indiske hav/Kerguelen"
"no","Indian/Mahe","Det indiske hav/Mahe"
"no","Indian/Maldives","Det indiske hav/Maldivene"
"no","Indian/Mauritius","Det indiske hav/Mauritius"
"no","Indian/Mayotte","Det indiske hav/Mayotte"
"no","Indian/Reunion","Det indiske hav/Reunion"
"no","Iran","Iran"
"no","Israel","Israel"
"no","Jamaica","Jamaica"
"no","Japan","Japan"
"no","Kwajalein","Kwajalein"
"no","Libya","Libya"
"no","MET","MET"
"no","MST","MST"
"no","MST7MDT","MST7MDT"
"no","Mexico/BajaNorte","Mexico/Baja Norte"
"no","Mexico/BajaSur","Mexico/Baja Sur"
"no","Mexico/General","Mexico/General"
"no","NZ","NZ"
"no","NZ-CHAT","NZ-CHAT"
"no","Navajo","Navajo"
"no","PRC","PRC"
"no","PST8PDT","PST8PDT"
"no","Pacific/Apia","Stillehavet/Apia"
"no","Pacific/Auckland","Stillehavet/Auckland"
"no","Pacific/Bougainville","Stillehavet/Bougainville"
"no","Pacific/Chatham","Stillehavet/Chatham"
"no","Pacific/Chuuk","Stillehavet/Chuuk"
"no","Pacific/Easter","Stillehavet/Påskeøya"
"no","Pacific/Efate","Stillehavet/Efate"
"no","Pacific/Enderbury","Stillehavet/Enderbury"
"no","Pacific/Fakaofo","Stillehavet/Fakaofo"
"no","Pacific/Fiji","Stillehavet/Fiji"
"no","Pacific/Funafuti","Stillehavet/Funafuti"
"no","Pacific/Galapagos","Stillehavet/Galapagos"
"no","Pacific/Gambier","Stillehavet/Gambier"
"no","Pacific/Guadalcanal","Stillehavet/Guadalcanal"
"no","Pacific/Guam","Stillehavet/Guam"
"no","Pacific/Honolulu","Stillehavet/Honolulu"
"no","Pacific/Johnston","Stillehavet/Johnston"
"no","Pacific/Kanton","Stillehavet/Kanton"
"no","Pacific/Kiritimati","Stillehavet/Kiritimati"
"no","Pacific/Kosrae","Stillehavet/Kosrae"
"no","Pacific/Kwajalein","Stillehavet/Kwajalein"
"no","Pacific/Majuro","Stillehavet/Majuro"
"no","Pacific/Marquesas","Stillehavet/Marquesasøyene"
"no","Pacific/Midway","Stillehavet/Midwayøyene"
"no","Pacific/Nauru","Stillehavet/Nauru"
"no","Pacific/Niue","Stillehavet/Niue"
"no","Pacific/Norfolk","Stillehavet/Norfolkøya"
"no","Pacific/Noumea","Stillehavet/Noumea"
"no","Pacific/Pago_Pago","Stillehavet/Pago Pago"
"no","Pacific/Palau","Stillehavet/Palau"
"no","Pacific/Pitcairn","Stillehavet/Pitcairn"
"no","Pacific/Pohnpei","Stillehavet/Pohnpei"
"no","Pacific/Ponape","Stillehavet/Ponape"
"no","Pacific/Port_Moresby","Stillehavet/Port Moresby"
"no","Pacific/Rarotonga","Stillehavet/Rarotonga"
"no","Pacific/Saipan","Stillehavet/Saipan"
"no","Pacific/Samoa","Stillehavet/Samoa"
"no","Pacific/Tahiti","Stillehavet/Tahiti"
"no","Pacific/Tarawa","Stillehavet/Tarawa"
"no","Pacific/Tongatapu","Stillehavet/Tongatapu"
"no","Pacific/Truk","Stillehavet/Truk"
"no","Pacific/Wake","Stillehavet/Wake"
"no","Pacific/Wallis","Stillehavet/Wallis"
"no","Pacific/Yap","Stillehavet/Yap"
"no","Poland","Polen"
"no","Portugal","Portugal"
"no","ROC","Republikken Kina"
"no","ROK","Republikken Korea"
"no","Singapore","Singapore"
"no","Turkey","Tyrkia"
"no","UCT","UCT"
"no","US/Alaska","USA/Alaska"
"no","US/Aleutian","USA/Aleutene"
"no","US/Arizona","USA/Arizona"
"no","US/Central","USA/Central"
"no","US/East-Indiana","USA/East-Indiana"
"no","US/Eastern","USA/Eastern"
"no","US/Hawaii","USA/Hawaii"
"no","US/Indiana-Starke","USA/Indiana-Starke"
"no","US/Michigan","USA/Michigan"
"no","US/Mountain","USA/Mountain"
"no","US/Pacific","USA/Pacific"
"no","US/Samoa","USA/Samoa"
"no","UTC","UTC"
"no","Universal","Universal"
"no","W-SU","W-SU"
"no","WET","Vesteuropeisk tid"
"no","Zulu","Zulu"