code,name,descr
"AD","Andorra","Andorra"
"AE","Utd Arab Emir.","United Arab Emirates"
"AF","Afghanistan","Afghanistan"
"AG","Antigua/Barbuda","Antigua and Barbuda"
"AI","Anguilla","Anguilla"
"AL","Albania","Albania"
"AM","Armenia","Armenia"
"AO","Angola","Angola"
"AQ","Antarctica","Antarctica"
"AR","Argentina","Argentina"
"AS","Samoa, America","American Samoa"
"AT","Austria","Austria"
"AU","Australia","Australia"
"AW","Aruba","Aruba"
"AX","Aland Islands","Aland Islands"
"AZ","Azerbaijan","Azerbaijan"
"BA","Bosnia-Herz.","Bosnia and Herzegovina"
"BB","Barbados","Barbados"
"BD","Bangladesh","Bangladesh"
"BE","Belgium","Belgium"
"BF","Burkina Faso","Burkina Faso"
"BG","Bulgaria","Bulgaria"
"BH","Bahrain","Bahrain"
"BI","Burundi","Burundi"
"BJ","Benin","Benin"
"BL","St. Barthelemy","Saint Barthelemy"
"BM","Bermuda","Bermuda"
"BN","Brunei Daruss.","Brunei Darussalam"
"BO","Bolivia","Bolivia"
"BQ","Bonaire, Saba","Bonaire, Sint Eustatius and Saba"
"BR","Brazil","Brazil"
"BS","Bahamas","Bahamas"
"BT","Bhutan","Bhutan"
"BV","Bouvet Islands","Bouvet Islands"
"BW","Botswana","Botswana"
"BY","Belarus","Belarus"
"BZ","Belize","Belize"
"CA","Canada","Canada"
"CC","Keeling Islands","Cocos (Keeling) Islands"
"CD","Dem. Rep. Congo","Democratic Republic of the Congo"
"CF","CAR","Central African Republic"
"CG","Rep.of Congo","Republic of the Congo"
"CH","Switzerland","Switzerland"
"CI","Cote d'Ivoire","Cote d'Ivoire"
"CK","Cook Islands","Cook Islands"
"CL","Chile","Chile"
"CM","Cameroon","Cameroon"
"CN","China","China"
"CO","Colombia","Colombia"
"CR","Costa Rica","Costa Rica"
"CV","Cape Verde","Cape Verde"
"CW","Curacao","Curacao"
"CX","Christmas Islnd","Christmas Islnd"
"CY","Cyprus","Cyprus"
"CZ","Czech Republic","Czech Republic"
"DE","Germany","Germany"
"DJ","Djibouti","Djibouti"
"DK","Denmark","Denmark"
"DM","Dominica","Dominica"
"DO","Dominican Rep.","Dominican Republic"
"DZ","Algeria","Algeria"
"EC","Ecuador","Ecuador"
"EE","Estonia","Estonia"
"EG","Egypt","Egypt"
"EH","West Sahara","Western Sahara"
"ER","Eritrea","Eritrea"
"ES","Spain","Spain"
"ET","Ethiopia","Ethiopia"
"FI","Finland","Finland"
"FJ","Fiji","Fiji"
"FK","Falkland Islnds","Falkland Islands"
"FM","Micronesia","Micronesia"
"FO","Faroe Islands","Faroe Islands"
"FR","France","France"
"GA","Gabon","Gabon"
"GB","United Kingdom","United Kingdom"
"GD","Grenada","Grenada"
"GE","Georgia","Georgia"
"GF","French Guayana","French Guyana"
"GG","Guernsey","Guernsey (Channel Islands)"
"GH","Ghana","Ghana"
"GI","Gibraltar","Gibraltar"
"GL","Greenland","Greenland"
"GM","Gambia","Gambia"
"GN","Guinea","Guinea"
"GP","Guadeloupe","Guadeloupe"
"GQ","Equatorial Guin","Equatorial Guinea"
"GR","Greece","Greece"
"GS","S. Sandwich Ins","South Georgia and the Southern Sandwich Islands"
"GT","Guatemala","Guatemala"
"GU","Guam","Guam"
"GW","Guinea-Bissau","Guinea-Bissau"
"GY","Guyana","Guyana"
"HK","Hong Kong","Hong Kong"
"HM","Heard/McDon.Isl","Heard and McDonald Islands"
"HN","Honduras","Honduras"
"HR","Croatia","Croatia"
"HT","Haiti","Haiti"
"HU","Hungary","Hungary"
"ID","Indonesia","Indonesia"
"IE","Ireland","Ireland"
"IL","Israel","Israel"
"IM","Isle of Man","Isle of Man"
"IN","India","India"
"IO","Brit.Ind.Oc.Ter","British Indian Ocean Territory"
"IQ","Iraq","Iraq"
"IS","Iceland","Iceland"
"IT","Italy","Italy"
"JE","Jersey","Jersey"
"JM","Jamaica","Jamaica"
"JO","Jordan","Jordan"
"JP","Japan","Japan"
"KE","Kenya","Kenya"
"KG","Kyrgyzstan","Kyrgyzstan"
"KH","Cambodia","Cambodia"
"KI","Kiribati","Kiribati"
"KM","Comoros","Comoros"
"KN","St Kitts&Nevis","Saint Kitts and Nevis"
"KR","South Korea","South Korea"
"KW","Kuwait","Kuwait"
"KY","Cayman Islands","Cayman Islands"
"KZ","Kazakhstan","Kazakhstan"
"LA","Laos","Laos"
"LB","Lebanon","Lebanon"
"LC","St. Lucia","St. Lucia"
"LI","Liechtenstein","Liechtenstein"
"LK","Sri Lanka","Sri Lanka"
"LR","Liberia","Liberia"
"LS","Lesotho","Lesotho"
"LT","Lithuania","Lithuania"
"LU","Luxembourg","Luxembourg"
"LV","Latvia","Latvia"
"LY","Libya","Libya"
"MA","Morocco","Morocco"
"MC","Monaco","Monaco"
"MD","Moldova","Moldova"
"ME","Montenegro","Montenegro"
"MF","St. Martin","Saint Martin"
"MG","Madagascar","Madagascar"
"MH","Marshall Islnds","Marshall Islands"
"MK","North Macedonia","Republic of North Macedonia"
"ML","Mali","Mali"
"MM","Burma","Burma"
"MN","Mongolia","Mongolia"
"MO","Macau, China","Macau, China"
"MP","N.Mariana Islnd","North Mariana Islands"
"MQ","Martinique","Martinique"
"MR","Mauritania","Mauritania"
"MS","Montserrat","Montserrat"
"MT","Malta","Malta"
"MU","Mauritius","Mauritius"
"MV","Maldives","Maldives"
"MW","Malawi","Malawi"
"MX","Mexico","Mexico"
"MY","Malaysia","Malaysia"
"MZ","Mozambique","Mozambique"
"NA","Namibia","Namibia"
"NC","New Caledonia","New Caledonia"
"NE","Niger","Niger"
"NF","Norfolk Islands","Norfolk Islands"
"NG","Nigeria","Nigeria"
"NI","Nicaragua","Nicaragua"
"NL","Netherlands","Netherlands"
"NO","Norway","Norway"
"NP","Nepal","Nepal"
"NR","Nauru","Nauru"
"NU","Niue","Niue"
"NZ","New Zealand","New Zealand"
"OM","Oman","Oman"
"PA","Panama","Panama"
"PE","Peru","Peru"
"PF","Frenc.Polynesia","French Polynesia"
"PG","Pap. New Guinea","Papua New Guinea"
"PH","Philippines","Philippines"
"PK","Pakistan","Pakistan"
"PL","Poland","Poland"
"PM","St.Pier,Miquel.","St. Pierre and Miquelon"
"PN","Pitcairn Islnds","Pitcairn Islands"
"PR","Puerto Rico","Puerto Rico"
"PS","Palestine","Palestine"
"PT","Portugal","Portugal"
"PW","Palau","Palau"
"PY","Paraguay","Paraguay"
"QA","Qatar","Qatar"
"RE","Reunion","Reunion"
"RO","Romania","Romania"
"RS","Serbia","Serbia"
"RU","Russian Fed.","Russian Federation"
"RW","Rwanda","Rwanda"
"SA","Saudi Arabia","Saudi Arabia"
"SB","Solomon Islands","Solomon Islands"
"SC","Seychelles","Seychelles"
"SD","Sudan","Sudan"
"SE","Sweden","Sweden"
"SG","Singapore","Singapore"
"SH","Saint Helena","Saint Helena"
"SI","Slovenia","Slovenia"
"SJ","Svalbard","Svalbard"
"SK","Slovakia","Slovakia"
"SL","Sierra Leone","Sierra Leone"
"SM","San Marino","San Marino"
"SN","Senegal","Senegal"
"SO","Somalia","Somalia"
"SR","Suriname","Suriname"
"SS","South Sudan","South Sudan"
"ST","S.Tome,Principe","Sao Tome and Principe"
"SV","El Salvador","El Salvador"
"SX","Sint Maarten","Sint Maarten (Dutch part)"
"SZ","Eswatini","Kingdom of Eswatini"
"TC","Turksh Caicosin","Turks and Caicos Islands"
"TD","Chad","Chad"
"TF","French S.Territ","French Southern and Antarctic Lands"
"TG","Togo","Togo"
"TH","Thailand","Thailand"
"TJ","Tajikistan","Tajikistan"
"TK","Tokelau Islands","Tokelau Islands"
"TL","East Timor","East Timor"
"TM","Turkmenistan","Turkmenistan"
"TN","Tunisia","Tunisia"
"TO","Tonga","Tonga"
"TP","East Timor","East Timor"
"TR","Turkey","Turkey"
"TT","Trinidad,Tobago","Trinidad and Tobago"
"TV","Tuvalu","Tuvalu"
"TW","Taiwan","Taiwan"
"TZ","Tanzania","Tanzania"
"UA","Ukraine","Ukraine"
"UG","Uganda","Uganda"
"UM","Minor Outl.Isl.","United States Minor Outlying Islands"
"US","US","US"
"UY","Uruguay","Uruguay"
"UZ","Uzbekistan","Uzbekistan"
"VA","Vatican City","Vatican City"
"VC","St. Vincent","St. Vincent and the Grenadines"
"VE","Venezuela","Venezuela"
"VG","Brit.Virgin Is.","British Virgin Islands"
"VI","US Virgin Isl.","United States Virgin Islands"
"VN","Vietnam","Vietnam"
"VU","Vanuatu","Vanuatu"
"WF","Wallis, Futuna","Wallis and Futuna Islands"
"WS","Samoa","Samoa"
"YE","Yemen","Yemen"
"YT","Mayotte","Mayotte"
"ZA","South Africa","South Africa"
"ZM","Zambia","Zambia"
"ZW","Zimbabwe","Zimbabwe"