locale,code,name,descr
"th","ADP","เปซาตา","เปซาตา อันดอร์รา --> (เดิม --> ยูโร)"
"th","AED","ดีแรห์ม","ดีแรห์ม สหรัฐอาหรับเอมิเรตส์"
"th","AFA","อัฟกานิ","อัฟกานิ"
"th","AFN","อัฟกานิ","อัฟกานิ"
"th","ALL","เลค","เลค แอลเบเนีย"
"th","AMD","ดีแรห์ม","ดีแรห์ม อาร์เมเนีย"
"th","ANG","กิลเดอร์ อินเดียตะวันตก","กิลเดอร์ อินเดียตะวันตก (เดิม --> XCG)"
"th","AOA","ควันซา","ควันซา แองโกลา"
"th","AON","ควันซา","ควันซา แองโกลา"
"th","AOR","ควันซา","ควันซา แองโกลา"
"th","ARS","เปโซ อาร์เจนตินา","เปโซ อาร์เจนตินา"
"th","ATS","ชิลลิง","ชิลลิง ออสเตรีย (เดิม --> ยูโร)"
"th","AUD","ดอลลาร์ ออสเตรเลีย","ดอลลาร์ ออสเตรเลีย"
"th","AWG","ฟลอริน อารูบา","ฟลอริน อารูบา"
"th","AZM","มานาท","มานาท อาเซอร์ไบจาน"
"th","AZN","มานาท","มานาท อาเซอร์ไบจาน"
"th","BAM","มาร์ค บอสเนียและเฮอร์เซโกวีนา","มาร์ค บอสเนียและเฮอร์เซโกวีนา"
"th","BBD","ดอลลาร์","ดอลลาร์ บาร์เบโดส"
"th","BDT","ตากา","ตากา บังกลาเทศ"
"th","BEF","ฟรังก์ เบลเยียม","ฟรังก์ เบลเยียม (เดิม --> ยูโร)"
"th","BGN","เลฟ","เลฟ บัลแกเรีย"
"th","BHD","ดีนาร์","ดีนาร์ บาห์เรน"
"th","BIF","ฟรังก์ บุรุนดี","ฟรังก์ บุรุนดี"
"th","BMD","ดอลลาร์ เบอร์มิวดา","ดอลลาร์ เบอร์มิวดา"
"th","BND","ดอลลาร์","ดอลลาร์ บรูไน"
"th","BOB","โบลีเวียโน","โบลีเวียโน"
"th","BRL","เรียล","เรียล บราซิล"
"th","BSD","ดอลลาร์","ดอลลาร์ บาฮามาส"
"th","BTN","เองกัลทรัม","เองกัลทรัม ภูฏาน"
"th","BWP","พูลา","พูลา บอตสวานา"
"th","BYB","รูเบิล เบลารุส","รูเบิล เบลารุส"
"th","BYN","รูเบิล เบลารุส","รูเบิล เบลารุส"
"th","BYR","รูเบิล","รูเบิล เบลารุส"
"th","BZD","ดอลลาร์","ดอลลาร์ เบลีซ"
"th","CAD","ดอลลาร์ แคนาดา","ดอลลาร์ แคนาดา"
"th","CDF","ฟรังก์ คองโก","ฟรังก์ คองโก"
"th","CHF","ฟรังก์ สวิส","ฟรังก์ สวิส"
"th","CLP","เปโซ","เปโซ ชิลี"
"th","CNY","เหรินหมินปี้","เหรินหมินปี้ จีน"
"th","COP","เปโซ","เปโซ โคลอมเบีย"
"th","CRC","โคโลน คอสตาริกา","โคโลน คอสตาริกา"
"th","CSD","ดีนาร์ เซอร์เบีย","ดีนาร์ เซอร์เบีย"
"th","CUC","แปลงสภาพเปโซ","แปลงสภาพเปโซ"
"th","CVE","เอสคูโด","เอสคูโด เคปเวิร์ด"
"th","CYP","ปอนด์ ไซปรัส","ปอนด์ ไซปรัส (เดิม --> ยูโร)"
"th","CZK","โครนา","โครนา เช็ก"
"th","DEM","มาร์ค เยอรมนี","มาร์ค เยอรมนี (เดิม --> ยูโร)"
"th","DJF","ฟรังก์ จิบูตี","ฟรังก์ จิบูตี"
"th","DKK","โครน เดนมาร์ก","โครน เดนมาร์ก"
"th","DOP","เปโซ โดมินิกัน","เปโซ โดมินิกัน"
"th","DZD","ดีนาร์","ดีนาร์ แอลจีเรีย"
"th","ECS","ซูเคร","ซูเคร เอกวาดอร์ (เดิม --> ดอลลาร์ สหรัฐฯ)"
"th","EEK","โครนา","โครน เอสโตเนีย (เดิม --> ยูโร)"
"th","EGP","ปอนด์","ปอนด์ อียิปต์"
"th","ERN","นาคฟา","นาคฟา เอริเทรีย"
"th","ESP","เปซาตา","เปซาตา สเปน --> (เดิม --> ยูโร)"
"th","ETB","เปอร์","เปอร์ เอธิโอเปีย"
"th","EUR","ยูโร","ยูโร ยุโรป"
"th","FIM","มาร์คคา ฟินแลนด์","มาร์คคา ฟินแลนด์ (เดิม --> ยูโร)"
"th","FJD","ดอลลาร์","ดอลลาร์ ฟีจี"
"th","FKP","ปอนด์ ฟอล์กแลนด์","ปอนด์ ฟอล์กแลนด์"
"th","FRF","ฟรังก์ ฝรั่งเศส","ฟรังก์ ฝรั่งเศส (เดิม --> ยูโร)"
"th","GBP","ปอนด์","ปอนด์ อังกฤษ"
"th","GEL","ลารี","ลารี จอร์เจีย"
"th","GHC","เซดี","เซดี กานา"
"th","GHS","เซดี","เซดี กานา"
"th","GIP","ปอนด์ ยิบรอลตาร์","ปอนด์ ยิบรอลตาร์"
"th","GMD","ดาราซี","ดาลาซี แกมเบีย"
"th","GNF","ฟรังก์","ฟรังก์ กินี"
"th","GRD","ดแรคมะ","ดแรคมะ กรีซ (เดิม --> ยูโร)"
"th","GTQ","เก็ตซาล","เก็ตซาล กัวเตมาลา"
"th","GWP","เปโซ กินี","เปโซ กินี (เดิม --> ปอนด์ เซนต์เฮเลนา)"
"th","GYD","ดอลลาร์ กายอานา","ดอลลาร์ กายอานา"
"th","HKD","ดอลลาร์ ฮ่องกง","ดอลลาร์ ฮ่องกง"
"th","HNL","เลมพีรา","เลมพีรา ฮอนดูรัส"
"th","HRK","คูนา","คูนา โครเอเชีย (เดิม --> ยูโร)"
"th","HTG","กอร์ด","กอร์ด เฮติ"
"th","HUF","ฟอรินท์","ฟอรินท์ ฮังการี"
"th","IDR","รูเปียห์","รูเปียห์ อินโดนีเซีย"
"th","IEP","ปังต์ ไอร์แลนด์","ปังต์ ไอร์แลนด์ (เดิม --> ยูโร)"
"th","ILS","เชคเกิล","เชคเกิล อิสราเอล"
"th","INR","รูปี","รูปี อินเดีย"
"th","IQD","ดีนาร์","ดีนาร์ อิรัก"
"th","ISK","โครนา","โครนา ไอซ์แลนด์"
"th","ITL","ลีระ","ลีระ อิตาลี (เดิม --> ยูโร)"
"th","JMD","ดอลลาร์ จาเมกา","ดอลลาร์ จาเมกา"
"th","JOD","ดีนาร์ จอร์แดน","ดีนาร์ จอร์แดน"
"th","JPY","เยน","เยน ญี่ปุ่น"
"th","KES","ชิลลิง","ชิลลิง เคนยา"
"th","KGS","ซอม","ซอม คีร์กีซสถาน"
"th","KHR","เรียล","เรียล กัมพูชา"
"th","KMF","ฟรังก์ คอโมโรส","ฟรังก์ คอโมโรส"
"th","KRW","วอน เกาหลีใต้","วอน เกาหลีใต้"
"th","KWD","ดีนาร์","ดีนาร์ คูเวต"
"th","KYD","คอลลาร์ เคย์แมน","คอลลาร์ เคย์แมน"
"th","KZT","เทงเก","เทงเก คาซัคสถาน"
"th","LAK","กีบ","กีบ ลาว"
"th","LBP","ปอนด์ เลบานอน","ปอนด์ เลบานอน"
"th","LKR","รูปี ศรีลังกา","รูปี ศรีลังกา"
"th","LRD","ดอลลาร์ ไลบีเรีย","ดอลลาร์ ไลบีเรีย"
"th","LSL","โลตี","โลตี เลโซโท"
"th","LTL","ลีทาส","ลีทาส ลิทัวเนีย"
"th","LUF","ฟรังก์ ลักเซมเบิร์ก","ฟรังก์ ลักเซมเบิร์ก (เดิม --> ยูโร)"
"th","LVL","ลัตส์","ลัตส์ ลัตเวีย"
"th","LYD","ดีนาร์ ลิเบีย","ดีนาร์ ลิเบีย"
"th","MAD","ดีแรห์ม","ดีแรห์ม โมร็อกโก"
"th","MDL","ลิว","ลิว มอลโดวา"
"th","MGA","อเรียรี่ มาดากัสการ์","อเรียรี่ มาดากัสการ์"
"th","MGF","ฟรังก์ มาดากัสการ์","ฟรังก์ มาดากัสการ์ (เดิม)"
"th","MKD","ดีนาร์ มาซิโดเนีย","ดีนาร์ มาซิโดเนีย"
"th","MMK","จัต","จัต พม่า"
"th","MNT","ทูกริค","ทูกริค มองโกเลีย"
"th","MOP","พาทากา","พาทากา มาเก๊า"
"th","MRO","อูกียา","อูกียา มอริเตเนีย"
"th","MRU","อูกียา","อูกียา มอริเตเนีย"
"th","MTL","ลีร์","ลีร์ มอลตา (เดิม --> ยูโร)"
"th","MUR","รูปี","รูปี มอริเชียส"
"th","MVR","รูฟียา","รูฟียา มัลดีฟส์"
"th","MWK","ควาซา มาลาวี","ควาซา มาลาวี"
"th","MXN","เปโซ","เปโซ เม็กซิโก"
"th","MYR","ริงกิต","ริงกิต มาเลเซีย"
"th","MZM","เมททิคัล","เมททิคัล โมซัมบิก (เดิม)"
"th","MZN","เมททิคัล","เมททิคัล โมซัมบิก"
"th","NAD","ดอลลาร์ นามิเบีย","ดอลลาร์ นามิเบีย"
"th","NGN","ไนรา","ไนรา ไนจีเรีย"
"th","NIO","คอร์โดบา","คอร์โดบา นิการากัว"
"th","NLG","กิลเดอร์","กิลเดอร์ ดัตช์ (เดิม --> ยูโร)"
"th","NOK","โครน นอร์เวย์","โครน นอร์เวย์"
"th","NPR","รูปี","รูปี เนปาล"
"th","NZD","ดอลลาร์ นิวซีแลนด์","ดอลลาร์ นิวซีแลนด์"
"th","OMR","เรียล โอมาน","เรียล โอมาน"
"th","PAB","บัลโบอา","บัลโบอา ปานามา"
"th","PEN","ซัล","ซัล เปรู"
"th","PGK","คีนา","คีนา ปาปัวนิวกินี"
"th","PHP","เปโซ","เปโซ ฟิลิปปินส์"
"th","PKR","รูปี","รูปี ปากีสถาน"
"th","PLN","สล็อตตี","สล็อตตี โปแลนด์ (ใหม่)"
"th","PTE","เอสคูโด","เอสคูโด โปรตุเกส (เดิม --> ยูโร)"
"th","PYG","กวารานี","กวารานี ปารากวัย"
"th","QAR","เรียล","เรียล กาตาร์"
"th","ROL","ลิว (เดิม)","ลิว โรมาเนีย (เดิม)"
"th","RON","ลิว","ลิว โรมาเนีย"
"th","RSD","ดีนาร์ เซอร์เบีย","ดีนาร์ เซอร์เบีย"
"th","RUB","รูเบิล","รูเบิล รัสเซีย"
"th","RWF","ฟรังก์","ฟรังก์ รวันดา"
"th","SAR","เรียล","ริยัล ซาอุดีอาระเบีย"
"th","SBD","ดอลลาร์ หมู่เกาะโซโลมอน","ดอลลาร์ หมู่เกาะโซโลมอน"
"th","SCR","รูปี","รูปี เซเชลส์"
"th","SDD","ดีนาร์","ดีนาร์ ซูดาน (เดิม)"
"th","SDG","ปอนด์","ปอนด์ ซูดาน"
"th","SDP","ปอนด์","ปอนด์ ซูดาน (จนถึง 1992)"
"th","SEK","โครนา สวีเดน","โครนา สวีเดน"
"th","SGD","ดอลลาร์ สิงคโปร์","ดอลลาร์ สิงคโปร์"
"th","SHP","ปอนด์ เซนต์เฮเลนา","ปอนด์ เซนต์เฮเลนา"
"th","SIT","โทลาร์","โทลาร์ สโลวีเนีย (เดิม --> ยูโร)"
"th","SKK","โครนา","โครนา สโลวาเกีย (เดิม --> ยูโร)"
"th","SLL","ลีโอน","ลีโอน เซียร์ราลีโอน"
"th","SOS","ชิลลิง","ชิลลิง โซมาเลีย"
"th","SRD","ดอลลาร์ ซูรินาม","ดอลลาร์ ซูรินาม"
"th","SRG","กิลเดอร์ ซูรินาม","กิลเดอร์ ซูรินาม (เดิม)"
"th","SSP","ปอนด์","ปอนด์ เซาท์ซูดาน"
"th","STD","โดบรา","โดบรา เซาตูเม/ปรินซีปี"
"th","SVC","โคโลน","โคโลน เอลซัลวาดอร์"
"th","SZL","ลิลอนเกนี","ลิลอนเกนี สวาซิแลนด์"
"th","THB","บาท","บาท ไทย"
"th","TJR","รูเบิล","รูเบิล ทาจิกิสถาน (เดิม)"
"th","TJS","โซโมนิ","โซโมนิ ทาจิกิสถาน"
"th","TMM","มานาท (เดิม)","มานาท เติร์กเมนิสถาน (เดิม)"
"th","TMT","มานาท","มานาท เติร์กเมนิสถาน"
"th","TND","ดีนาร์","ดีนาร์ ตูนิเซีย"
"th","TOP","พาอานกา","พาอานกา ตองกา"
"th","TPE","เอสคูโด ติมอร์","เอสคูโด ติมอร์ --> ดอลลาร์ สหรัฐฯ"
"th","TRL","ลีร์ (เดิม)","ลีร์ ตุรกี (เดิม)"
"th","TRY","ลีร์","ลีร์ ตุรกี"
"th","TTD","ดอลลาร์ ตรินิแดดและโตเบโก","ดอลลาร์ ตรินิแดดและโตเบโก"
"th","TWD","ดอลลาร์","ดอลลาร์ ไต้หวัน"
"th","TZS","ชิลลิง","ชิลลิง แทนซาเนีย"
"th","UAH","รีฟเนีย","รีฟเนีย ยูเครน"
"th","UGX","ชิลลิง","ชิลลิง ยูกันดา"
"th","USD","ดอลลาร์ สหรัฐฯ","ดอลลาร์ สหรัฐอเมริกา"
"th","UYU","เปโซ","เปโซ อุรุกวัย"
"th","UZS","ยอดรวม","ซอม อุซเบกิสถาน"
"th","VEB","โบลิวาร์ (เดิม)","โบลิวาร์ เวเนซุเอลา (เดิม)"
"th","VEF","โบลิวาร์","โบลิวาร์ เวเนซุเอลา"
"th","VES","โบลิวาร์","โบลิวาร์ เวเนซุเอลา"
"th","VND","ดอง","ดอง เวียดนาม"
"th","VUV","วาตู","วาตู วานูวาตู"
"th","WST","ทาลา","ทาลา ซามัว"
"th","XAF","ฟรังก์ ซีเอฟเอ บีอีเอซี","ฟรังก์ ซีเอฟเอ บีอีเอซี กาบอง"
"th","XCD","ดอลลาร์","ดอลลาร์ แคริบเบียนตะวันออก"
"th","XCG","กิลเดอร์ แคริบเบียน","กิลเดอร์ แคริบเบียน"
"th","XEU","อีซียู","หน่วยสกุลเงินยุโรป (อีซียู)"
"th","XOF","ฟรังก์ ซีเอฟเอ บีซีอีเอโอ","ฟรังก์ ซีเอฟเอ บีซีอีเอโอ เบนิน"
"th","XPF","ฟรังก์ ฝรั่งเศส (แปซิฟิก)","ฟรังก์ ฝรั่งเศส (หมู่เกาะแปซิฟิก)"
"th","YER","เรียล เยเมน","เรียล เยเมน"
"th","YUM","ดีนาร์","ดีนาร์ ยูโกสลาเวีย (เดิม)"
"th","ZAR","แรนด์","แรนด์ แอฟริกาใต้"
"th","ZMK","ควาซา","ควาซา แซมเบีย (เดิม)"
"th","ZMW","ควาซา","ควาซา แซมเบีย (ใหม่)"
"th","ZRN","ซาอีร์","ซาอีร์ (เดิม)"
"th","ZWD","ดอลลาร์ ซิมบับเว","ดอลลาร์ ซิมบับเว (เดิม)"
"th","ZWL","ดอลลาร์ ซิมบับเว","ดอลลาร์ ซิมบับเว (ใหม่)"
"th","ZWN","ดอลลาร์ ซิมบับเว","ดอลลาร์ ซิมบับเว (เดิม)"
"th","ZWR","ดอลลาร์ ซิมบับเว","ดอลลาร์ ซิมบับเว (เดิม)"