locale,code,name,descr
"ko","ADP","페세타","안도란 페세타 ->(구 -> EUR)"
"ko","AED","디르함","아랍에미리트 디르함"
"ko","AFA","아프가니","아프가니(구)"
"ko","AFN","아프가니","아프가니"
"ko","ALL","레크","알바니아 레크"
"ko","AMD","드람","아르메니아 드람"
"ko","ANG","서인도 길더","서인도 길더(이전 --> XCG)"
"ko","AOA","콴자","앙골라 콴자"
"ko","AON","뉴 콴자","앙골라 뉴 콴자(구)"
"ko","AOR","콴자 레아주스타도","앙골라 콴자 레아주스타도(구)"
"ko","ARS","아르헨티나 페소","아르헨티나 페소"
"ko","ATS","실링","오스트리아 실링(구 -> EUR)"
"ko","AUD","호주 달러","오스트레일리아 달러"
"ko","AWG","아루바 플로린","아루바 플로린"
"ko","AZM","마나트","아제르바이잔 마나트(구)"
"ko","AZN","마나트","아제르바이잔 마나트"
"ko","BAM","태환 마르크","보스니아 헤르체고비나 태환 마르크"
"ko","BBD","달러","바베이도스 달러"
"ko","BDT","타카","방글라데시 타카"
"ko","BEF","벨기에 프랑","벨기에 프랑(구 -> EUR)"
"ko","BGN","레프","불가리아 레프"
"ko","BHD","디나르","바레인 디나르"
"ko","BIF","부룬디 프랑","부룬디 프랑"
"ko","BMD","버뮤다 달러","버뮤다 달러"
"ko","BND","달러","브루나이 달러"
"ko","BOB","볼리비아노","볼리비아노"
"ko","BRL","레알","브라질 레알"
"ko","BSD","달러","바하마 달러"
"ko","BTN","엉굴트럼","부탄 엉굴트럼"
"ko","BWP","풀라","보츠와나 풀라"
"ko","BYB","벨라루스 루블","벨라루스 루블(구)"
"ko","BYN","벨라루스 루블(신)","벨라루스 루블(신)"
"ko","BYR","루블","벨로루시 루블"
"ko","BZD","달러","벨리즈 달러"
"ko","CAD","캐나다 달러","캐나다 달러"
"ko","CDF","콩고 프랑","콩고 프랑"
"ko","CHF","스위스 프랑","스위스 프랑"
"ko","CLP","페소","칠레 페소"
"ko","CNY","인민폐","중국 인민폐"
"ko","COP","페소","콜롬비아 페소"
"ko","CRC","코스타리카 콜론","코스타리카 콜론"
"ko","CSD","세르비아 디나르","세르비아 디나르(구)"
"ko","CUC","태환 페소","태환 페소"
"ko","CVE","에스쿠도","카보베르데 에스쿠도"
"ko","CYP","키프로스 파운드","키프로스 파운드(구 -> EUR)"
"ko","CZK","크로나","체코 크로나"
"ko","DEM","독일 마르크","독일 마르크(구 -> EUR)"
"ko","DJF","지부티 프랑","지부티 프랑"
"ko","DKK","덴마크 크로네","덴마크 크로네"
"ko","DOP","도미니카 페소","도미니카 페소"
"ko","DZD","디나르","알제리 디나르"
"ko","ECS","수크레","에콰도르 수크레(구 -> USD)"
"ko","EEK","크로나","에스토니아 크로네(구 -> EUR)"
"ko","EGP","파운드","이집트 파운드"
"ko","ERN","나프카","에리트레아 나프카"
"ko","ESP","페세타","스페인 페세타(구 -> EUR)"
"ko","ETB","비르","에티오피아 비르"
"ko","EUR","유로","유럽 유로"
"ko","FIM","핀란드 마르카","핀란드 마르카(구 -> EUR)"
"ko","FJD","달러","피지 달러"
"ko","FKP","포클랜드 파운드","포클랜드 파운드"
"ko","FRF","프랑스 프랑","프랑스 프랑(구 -> EUR)"
"ko","GBP","파운드","영국 파운드"
"ko","GEL","라리","그루지야 라리"
"ko","GHC","세디","가나 세디(구)"
"ko","GHS","세디","가나 세디"
"ko","GIP","지브롤터 파운드","지브롤터 파운드"
"ko","GMD","달라시","감비아 달라시"
"ko","GNF","프랑","기니 프랑"
"ko","GRD","드라크마","그리스 드라크마(구 -> EUR)"
"ko","GTQ","케찰","과테말라 케찰"
"ko","GWP","기니 페소","기니 페소(구 -> EUR)"
"ko","GYD","가이아나 달러","가이아나 달러"
"ko","HKD","홍콩 달러","홍콩 달러"
"ko","HNL","렘피라","온두라스 렘피라"
"ko","HRK","쿠나","크로아티아 쿠나(구 -> EUR)"
"ko","HTG","구르드","아이티 구르드"
"ko","HUF","포린트","헝가리 포린트"
"ko","IDR","루피아","인도네시아 루피아"
"ko","IEP","아일랜드 펀트","아일랜드 펀트(구 -> EUR)"
"ko","ILS","셰켈","이스라엘 셰켈"
"ko","INR","루피","인도 루피"
"ko","IQD","디나르","이라크 디나르"
"ko","ISK","크로나","아이슬란드 크로나"
"ko","ITL","리라","이탈리아 리라(구 -> EUR)"
"ko","JMD","자메이카 달러","자메이카 달러"
"ko","JOD","요르단 디나르","요르단 디나르"
"ko","JPY","엔","일본 엔"
"ko","KES","실링","케냐 실링"
"ko","KGS","솜","키르기스스탄 솜"
"ko","KHR","리엘","캄보디아 리엘"
"ko","KMF","코모로 프랑","코모로 프랑"
"ko","KRW","대한민국 원","대한민국 원"
"ko","KWD","디나르","쿠웨이트 디나르"
"ko","KYD","케이맨 달러","케이맨 제도 달러"
"ko","KZT","텡게","카자흐스탄 텡게"
"ko","LAK","킵","라오스 킵"
"ko","LBP","레바논 파운드","레바논 파운드"
"ko","LKR","스리랑카 루피","스리랑카 루피"
"ko","LRD","라이베리아 달러","라이베리아 달러"
"ko","LSL","로티","레소토 로티"
"ko","LTL","리타","리투아니아 리타"
"ko","LUF","룩셈부르크 프랑","룩셈부르크 프랑(구 -> EUR)"
"ko","LVL","라츠","라트비아 라츠"
"ko","LYD","리비아 디나르","리비아 디나르"
"ko","MAD","디르함","모로코 디르함"
"ko","MDL","레우","몰도바 레우"
"ko","MGA","마다가스카르 아리아리","마다가스카르 아리아리"
"ko","MGF","마다가스카르 프랑","마다가스카르 프랑(구)"
"ko","MKD","마케도니아 디나르","마케도니아 디나르"
"ko","MMK","차트","미얀마 차트"
"ko","MNT","투그리크","몽골 투그리크"
"ko","MOP","파타카","마카오 파타카"
"ko","MRO","우기아","모리타니 우기아"
"ko","MRU","우기아","모리타니 우기아"
"ko","MTL","리라","몰타 리라(구 -> EUR)"
"ko","MUR","루피","모리셔스 루피"
"ko","MVR","루피아","몰디브 제도 루피아"
"ko","MWK","말라위 크와차","말라위 크와차"
"ko","MXN","페소","멕시코 페소"
"ko","MYR","링깃","말레이시아 링깃"
"ko","MZM","메티칼","모잠비크 메티칼(구)"
"ko","MZN","메티칼","모잠비크 메티칼"
"ko","NAD","나미비아 달러","나미비아 달러"
"ko","NGN","나이라","니제르 나이라"
"ko","NIO","코르도바 오로","니카라과 코르도바 오로"
"ko","NLG","길더","네덜란드 길더(구 -> EUR)"
"ko","NOK","노르웨이 크로네","노르웨이 크로네"
"ko","NPR","루피","네팔 루피"
"ko","NZD","뉴질랜드 달러","뉴질랜드 달러"
"ko","OMR","오만 리알","오만 리알"
"ko","PAB","발보아","파나마 발보아"
"ko","PEN","뉴 솔","페루 뉴 솔"
"ko","PGK","키나","파푸아뉴기니 키나"
"ko","PHP","페소","필리핀 페소"
"ko","PKR","루피","파키스탄 루피"
"ko","PLN","즐로티","폴란드 즐로티(신)"
"ko","PTE","에스쿠도","포르투갈 에스쿠도(구 -> EUR)"
"ko","PYG","과라니어","파라과이 과라니"
"ko","QAR","리알","카타르 리알"
"ko","ROL","레우(구)","루마니아 레우(구)"
"ko","RON","레우","루마니아 레우"
"ko","RSD","세르비아 디나르","세르비아 디나르"
"ko","RUB","루블","러시아 루블"
"ko","RWF","프랑","르완다 프랑"
"ko","SAR","리알","사우디아라비아 리얄"
"ko","SBD","솔로몬 제도 달러","솔로몬 제도 달러"
"ko","SCR","루피","세이셸 루피"
"ko","SDD","디나르","수단 디나르(구)"
"ko","SDG","파운드","수단 파운드"
"ko","SDP","파운드","수단 파운드(1992까지)"
"ko","SEK","스웨덴 크로나","스웨덴 크로나"
"ko","SGD","싱가포르 달러","싱가포르 달러"
"ko","SHP","세인트 헬레나 파운드","세인트 헬레나 파운드"
"ko","SIT","톨라","슬로베니아 톨라(구 -> EUR)"
"ko","SKK","크로나","슬로바키아 크로나(구 -> EUR)"
"ko","SLL","리온","시에라리온 리온"
"ko","SOS","실링","소말리아 실링"
"ko","SRD","수리남 달러","수리남 달러"
"ko","SRG","수리남 길더","수리남 길더(구)"
"ko","SSP","파운드","남수단 파운드"
"ko","STD","도브라","상투메 프린시페 도브라"
"ko","SVC","콜론","엘살바도르 콜론"
"ko","SZL","리랑게니","스와질란드 리랑게니"
"ko","THB","바트","태국 바트"
"ko","TJR","루블","타지키스탄 루블(구)"
"ko","TJS","소모니","타지키스탄 소모니"
"ko","TMM","마나트(구)","투르크메니스탄 마나트(구)"
"ko","TMT","마나트","투르크메니스탄 마나트"
"ko","TND","디나르","튀니지 디나르"
"ko","TOP","파앙가","통가 파앙가"
"ko","TPE","티모르 에스쿠도","티모르 에스쿠도 -> USD"
"ko","TRL","리라(구)","터키 리라(구)"
"ko","TRY","리라","터키 리라"
"ko","TTD","T. + T. 달러","트리니다드 토바고 달러"
"ko","TWD","달러","신 대만 달러"
"ko","TZS","실링","탄자니아 실링"
"ko","UAH","흐리브니아","우크라이나 흐리브니아"
"ko","UGX","실링","우간다 실링"
"ko","USD","US 달러","미국 달러"
"ko","UYU","페소","우르과이 페소"
"ko","UZS","총계","우즈베키스탄 솜"
"ko","VEB","볼리바르(구)","베네수엘라 볼리바르(구)"
"ko","VEF","볼리바르","베네수엘라 볼리바르"
"ko","VES","볼리바르","베네수엘라 볼리바르"
"ko","VND","동","베트남 동"
"ko","VUV","바투","바누아투 바투"
"ko","WST","탈라","사모아 탈라"
"ko","XAF","CFA 프랑 BEAC","가봉 CFA 프랑 BEAC"
"ko","XCD","달러","동카리브 달러"
"ko","XCG","카리브 길더","카리브 길더"
"ko","XEU","E.C.U.","유럽 통화 단위(E.C.U.)"
"ko","XOF","CFA 프랑 BCEAO","베냉 CFA 프랑 BCEAO"
"ko","XPF","프랑스 프랑(태평양 제도)","프랑스 프랑(태평양 제도)"
"ko","YER","예멘 리얄","예멘 리얄"
"ko","YUM","뉴 디나르","뉴 유고슬라비아 디나르(구)"
"ko","ZAR","랜드","남아프리카 랜드"
"ko","ZMK","콰차","잠비아 콰차(구)"
"ko","ZMW","콰차","잠비아 콰차(신)"
"ko","ZRN","자이르","자이르(구)"
"ko","ZWD","짐바브웨 달러","짐바브웨 달러(구)"
"ko","ZWL","짐바브웨 달러","짐바브웨 달러(신)"
"ko","ZWN","짐바브웨 달러","짐바브웨 달러(구)"
"ko","ZWR","짐바브웨 달러","짐바브웨 달러(구)"