locale,code,name,descr
"el","ADP","Πεσέτα","Πεσέτα Ανδόρρας --> (Παλιό --> ΕΥΡΩ)"
"el","AED","Ντιρχάμ","Ντιρχάμ Ηνωμένων Αραβικών Εμιράτων"
"el","AFA","Αφγάνι","Αφγάνι (Παλιό)"
"el","AFN","Αφγάνι","Αφγάνι"
"el","ALL","Λεκ","Λεκ Αλβανίας"
"el","AMD","Ντραμ","Ντραμ Αρμενίας"
"el","ANG","Γκίλντερ Δυτικής Ινδίας","Γκίλντερ Δυτικής Ινδίας (Παλιό --> XCG)"
"el","AOA","Κουάνζα","Κουάνζα Αγκόλας"
"el","AON","Νέο Κουάνζα","Νέο Κουάνζα Αγκόλας (Παλιό)"
"el","AOR","Αναπροσαρμογή Κουάνζα","Αναπροσαρμογή Κουάνζα Αγκόλας (Παλιό)"
"el","ARS","Πέσο Αργεντινής","Πέσο Αργεντινής"
"el","ATS","Σελίνι","Αυστριακό Σελίνι (Παλιό --> ΕΥΡΩ)"
"el","AUD","Δολάρ.Αυστραλ.","Δολάριο Αυστραλίας"
"el","AWG","Φιορίνι Αρούμπ.","Φιορίνι Αρούμπας"
"el","AZM","Μανάτ","Μανάτ του Αζερμπαϊτζάν"
"el","AZN","Μανάτ","Μανάτ Αζερμπαϊτζάν"
"el","BAM","Μετατρέψ.Μάρκο","Βοσνιακό Μετατρέψιμο Μάρκο"
"el","BBD","Δολάριο","Δολάρ.Μπαμπάντ."
"el","BDT","Τάκα","Τάκα του Μπαγκλαντές"
"el","BEF","Φράγκο Βελγίου","Φράγκο Βελγίου (Παλιό --> ΕΥΡΩ)"
"el","BGN","Λεβ","Λεβ Βουλγαρίας"
"el","BHD","Δηνάριο","Δηνάριο Μπαχρέιν"
"el","BIF","Φράγκο Μπουρούντι","Φράγκο Μπουρούντι"
"el","BMD","Δολάριο Βερμ.","Δολάριο Βερμούδων"
"el","BND","Δολάριο","Δολάριο Μπρουνέι"
"el","BOB","Βολιβιάνο","Βολιβιάνο"
"el","BRL","Ρεάλ","Ρεάλ Βραζιλίας"
"el","BSD","Δολάριο","Δολάρ.Μπαχαμών"
"el","BTN","Νγκούλτρουμ","Νγκούλτρουμ Μπουτάν"
"el","BWP","Πούλα","Πούλα Μποτσουάνας"
"el","BYB","Λευκορωσικό ρούβλι","Λευκορωσικό ρούβλι (Παλιό)"
"el","BYN","Λευκορωσ.Ρούβλ.Νέο","Λευκορωσικό ρούβλι (Νέο)"
"el","BYR","Ρούβλι","Λευκορωσικό Ρούβλι"
"el","BZD","Δολάριο","Δολάριο Μπελίζ"
"el","CAD","Δολάριο Καναδά","Δολάριο Καναδά"
"el","CDF","Φράγκο Κονγκό","Φράγκο Κονγκό"
"el","CHF","Φράγκο Ελβετίας","Φράγκο Ελβετίας"
"el","CLP","Πέσο","Πέσο Χιλής"
"el","CNY","Ρενμίνμπι","Κινέζικο Ρενμινμπί"
"el","COP","Πέσο","Πέσο Κολομβίας"
"el","CRC","Κολόν Κόστ.Ρίκα","Κολόν Κόστα Ρίκα"
"el","CSD","Δηνάριο Σερβίας","Δηνάριο Σερβίας (Παλιό)"
"el","CUC","Μετατρέψ.Πέσος","Μετατρέψιμο Πέσος"
"el","CVE","Εσκούδο","Εσκούδο Πράσινου Ακρωτηρίου"
"el","CYP","Λίρα Κύπρου","Λίρα Κύπρου  (Παλιά --> ΕΥΡΩ)"
"el","CZK","Κορόνα","Κορόνα Τσεχίας"
"el","DEM","Μάρκο Γερμανίας","Μάρκο Γερμανίας    (Παλιό --> ΕΥΡΩ)"
"el","DJF","Φράγκο Τζιμπουτί","Φράγκο Τζιμπουτί"
"el","DKK","Κορόνα Δανίας","Κορόνα Δανίας"
"el","DOP","Πέσο Δομ.Δημοκ.","Πέσο Δομινικανής Δημοκρατίας"
"el","DZD","Δηνάριο","Δηνάριο Αλγερίας"
"el","ECS","Σουκρέ","Σουκρέ του Εκουαδόρ (Παλιό --> USD)"
"el","EEK","Κορόνα","Κορόνα Εσθονίας (Παλιό -- ΕΥΡΩ)"
"el","EGP","Λίρα","Λίρα Αιγύπτου"
"el","ERN","Νάφκα","Νάφκα Ερυθραίας"
"el","ESP","Πεσέτα","Ισπανική Πεσέτα --> (Παλιό --> ΕΥΡΩ)"
"el","ETB","Μπιρ","Μπιρ Αιθιοπίας"
"el","EUR","Ευρώ","Ευρώ"
"el","FIM","μάρκο Φινλανδίας","Μάρκο Φινλανδίας (Παλιό --> ΕΥΡΩ)"
"el","FJD","Δολάριο","Δολάριο Φίτζι"
"el","FKP","Λίρα Φώκλαντ","Λίρα Φώκλαντ"
"el","FRF","Φράγκο Γαλλίας","Φράγκο Γαλλίας (Παλιό --> ΕΥΡΩ)"
"el","GBP","Λίρα","Λίρα Αγγλίας"
"el","GEL","Λάρι","Λάρι Γεωργίας"
"el","GHC","Σέντι","Σέντι Γκάνας (Παλιό)"
"el","GHS","Σέντι","Σέντι Γκάνας"
"el","GIP","Λίρα Γιβραλτάρ","Λίρα Γιβραλτάρ"
"el","GMD","Νταλάσι","Νταλάσι Γκόμπι"
"el","GNF","Φράγκο","Φράγκο Γουϊνέας"
"el","GRD","Δραχμή","Ελληνική Δραχμή (Παλιά --> ΕΥΡΩ)"
"el","GTQ","Κουετζάλ","Κουετζάλ Γουατεμάλας"
"el","GWP","Πέσο Γουινέας","Πέσο Γουινέας (Παλιό --> SHP)"
"el","GYD","Δολάριο Γουιάνας","Δολάριο Γουιάνας"
"el","HKD","ΔολάρΧονγκΚονγκ","Δολάριο Χονγκ Κονγκ"
"el","HNL","Λεμπίρα","Λεμπίρα Ονδούρας"
"el","HRK","Κούνα ","Κούνα Κροατίας (Παλιό --> ΕΥΡΩ)"
"el","HTG","Γκουρντ","Γκουρντ Αϊτής"
"el","HUF","Φόριντ","Φόριντ Ουγγαρίας"
"el","IDR","Ρουπία","Ρουπία Ινδονησίας"
"el","IEP","Λίρα Ιρλανδίας","Λίρα Ιρλανδίας (Παλιά --> ΕΥΡΩ)"
"el","ILS","Σέκελ","Σέκελ Ισραήλ"
"el","INR","Ρουπία","Ρουπία Ινδίας"
"el","IQD","Δηνάριο","Δηνάριο Ιράκ"
"el","ISK","Κορόνα","Κορόνα Ισλανδίας"
"el","ITL","Λίρα ","Λίρα Ιταλίας (Παλιά --> ΕΥΡΩ)"
"el","JMD","Δολάριο Τζαμάικας","Δολάριο Τζαμάικας"
"el","JOD","Δηνάρ.Ιορδανίας","Δηνάριο Ιορδανίας"
"el","JPY","Γιεν","Γιεν Ιαπωνίας"
"el","KES","Σελίνι","Σελίνι Κένυας"
"el","KGS","Σομ","Σομ Κιργιζιστάν"
"el","KHR","Ρίελ","Ρίελ Καμπότζη"
"el","KMF","Φράγκο Κομορών","Φράγκο Κομορών"
"el","KRW","Ουόν Νότιας Κορέας","Ουόν Νότιας Κορέας"
"el","KWD","Δηνάριο","Δηνάριο Κουβέιτ"
"el","KYD","Δολάρ.Ν.Κάυμαν","Δολάριο Νήσων Κάυμαν"
"el","KZT","Τένγκε","Τένγκε Καζακστάν"
"el","LAK","Κιπ","Κιπ Λάος"
"el","LBP","Λίρα Λιβάνου","Λίρα Λιβάνου"
"el","LKR","Ρουπία Σρι Λάνκ","Ρουπία Σρι Λάνκα"
"el","LRD","Δολάριο Λιβερία","Δολάριο Λιβερία"
"el","LSL","Λότι","Λότι Λεσόθο"
"el","LTL","Λίτα","Λίστα Λιθουανίας"
"el","LUF","Φράγκο Λουξεμ.","Φράγκο Λουξεμβούργου (Παλιό --> ΕΥΡΩ)"
"el","LVL","Λατς","Λατς Λετονίας"
"el","LYD","Δηνάριο Λιβύης","Δηνάριο Λιβύης"
"el","MAD","Ντιρχάμ","Ντιρχάμ Μαρόκου"
"el","MDL","Λέι","Λέι Μολδαβίας"
"el","MGA","Αριάρι Μαδαγασ.","Αριάρι Μαδαγασκάρης"
"el","MGF","Φράγκο Μαδαγασκ.","Φράγκο Μαδαγασκάρης (Παλιό"
"el","MKD","Δηνάριο Βόρ.Μακεδονία","Δηνάριο Βόρειας Μακεδονίας"
"el","MMK","Κυάτ","Κυάτ Μιανμάρ"
"el","MNT","Τουγκρίκ","Τουγκρίκ Μογγολίας"
"el","MOP","Πατάκα","Πατάκα Μακάο"
"el","MRO","Ουγκουίγκα","Ουγκουίγκα Μαυριτανίας"
"el","MRU","Ουγκουίγκα","Ουγκουίγκα Μαυριτανίας"
"el","MTL","Λίρα","Λίρα Μάλτας (Παλιά --> ΕΥΡΩ)"
"el","MUR","Ρουπία","Ρουπία Μαυρικίου"
"el","MVR","Ρουφίγια","Ρουφίγια Μαλδίβων"
"el","MWK","Κουάτσα Μαλάουι","Κουάτσα Μαλάουι"
"el","MXN","Πέσο","Πέσο Μεξικού"
"el","MYR","Ρινγκίτ","Ρινγκίτ Μαλαισίας"
"el","MZM","Μετικάλ","Μετικάλ Μοζαμβίκης (Παλιό)"
"el","MZN","Μετικάλ","Μετικάλ Μοζαμβίκης"
"el","NAD","Δολάρ.Ναμίμπια","Δολάριο Ναμίμπια"
"el","NGN","Νάιρα","Νάιρα Νιγηρίας"
"el","NIO","Χρυσή Κόρδοβα","Χρυσή Κόρδοβα Νικαράγουας"
"el","NLG","Γκίλντερ","Γκίλντερ Ολλανδίας (Παλιό --> ΕΥΡΩ)"
"el","NOK","Κορόνα Νορβηγίας","Κορόνα Νορβηγίας"
"el","NPR","Ρουπία","Ρουπία Νεπάλ"
"el","NZD","Δολάριο Ν.Ζηλανδίας","Δολάριο Νέας Ζηλανδίας"
"el","OMR","Ριάλ Ομάν","Ριάλ Ομάν"
"el","PAB","Μπαλμπόα","Μπαλμπόα Παναμά"
"el","PEN","Νέο Σολ","Νέο Σολ Περού"
"el","PGK","Κίνα","Κίνα Πάπουα-Νέας Γουϊνέας"
"el","PHP","Πέσο","Πέσο Φιλιππινών"
"el","PKR","Ρουπία","Ρουπία Πακιστάν"
"el","PLN","Ζλότι","Ζλότι Πολωνίας (νέο)"
"el","PTE","Εσκούδο","Εσκούδο Πορτογαλίας (Παλιό --> ΕΥΡΩ)"
"el","PYG","Γκουαρανί","Γκουαράνι Παραγουάης"
"el","QAR","Ριάλ","Ριάλ Κατάρ"
"el","ROL","Λέι (Παλιό)","Λέι Ρουμανίας (Παλιό)"
"el","RON","Λέι","Λέι Ρουμανίας"
"el","RSD","Δηνάριο Σερβίας","Δηνάριο Σερβίας"
"el","RUB","Ρούβλι","Ρούβλι Ρωσίας"
"el","RWF","Φράγκο","Φράγκο Ρουάντας"
"el","SAR","Ριάλ","Ριάλ Σαουδικής Αραβίας"
"el","SBD","Δολάριο Νήσ.Σολομ.","Δολάριο Νήσων Σολομώντας"
"el","SCR","Ρουπία","Ρουπία Σεϋχελλών"
"el","SDD","Δηνάριο","Δηνάριο Σουδάν (Παλιό)"
"el","SDG","Λίρα","Λίρα Σουδάν"
"el","SDP","Λίρα","Λίρα Σουδάν (μέχρι το 1992)"
"el","SEK","Κορόνα Σουηδίας","Κορόνα Σουηδίας"
"el","SGD","Δολάρ.Σιγκαπ.","Δολάριο Σιγκαπούρης"
"el","SHP","Λίρα Αγ.Ελένης","Λίρα Αγίας Ελένης"
"el","SIT","Τόλαρ","Τόλαρ Σλοβενίας (Παλιό --> ΕΥΡΩ)"
"el","SKK","Κορόνα","Κορόνα Σλοβακίας (Παλιό -- ΕΥΡΩ)"
"el","SLL","Λεόνε","Λεόνε της Σιέρα Λεόνε"
"el","SOS","Σελίνι","Σελίνι Σομαλίας"
"el","SRD","Δολάριο Σουριν.","Δολάριο Σουρινάμ"
"el","SRG","Γκίλντερ Σουρινάμ","Γκίλντερ Σουρινάμ (Παλιό)"
"el","SSP","Λίρα","Λίρα Νότιου Σουδάν"
"el","STD","Ντόμπρα","Ντόμπρα Σάο Τομέ και Πρινσίπε"
"el","SVC","Κολόν","Κολόν Ελ Σαλβαδόρ"
"el","SZL","Λιλανγκένι","Λιλανγκένι Σουαζιλάνδη"
"el","THB","Μπατ","Μπατ Ταϊλάνδης"
"el","TJR","Ρούβλι","Ρούβλι Τατζικιστάν (Παλιό)"
"el","TJS","Σομόν","Σομόνι Τατζικιστάν"
"el","TMM","Μανάτ (Παλιό)","Μανάτ Τουρκμενιστάν (Παλιό)"
"el","TMT","Μανάτ","Μάνατ Τουρκμενιστάν"
"el","TND","Δηνάριο","Δηνάριο Τυνησίας"
"el","TOP","Παάγκα","Παάγκα Τόνγκα"
"el","TPE","Εσκούδο Τιμόρ","Εσκούδο Τιμόρ --> USD"
"el","TRL","Λίρα (Παλιό)","Λίρα Τουρκίας (Παλιό)"
"el","TRY","Λίρα","Λίρα Τουρκίας"
"el","TTD","Δολάρ.Τριν&Τομπ.","Δολάριο Τρινιδάδ και Τομπάγκο"
"el","TWD","Δολάριο","Νέο Δολάριο Ταϊβάν"
"el","TZS","Σελίνι","Σελίνι Τανζανίας"
"el","UAH","Χρίβνια","Χρίβνια Ουκρανίας"
"el","UGX","Σελίνι","Σελίνι Ουγκάντας"
"el","USD","Δολάριο ΗΠΑ","Δολάριο Ηνωμένων Πολιτειών"
"el","UYU","Πέσο","Πέσο Ουρουγουάης"
"el","UZS","Σύνολο","Σομ Ουζμπεκιστάν"
"el","VEB","Μπολιβάρ (Παλιό)","Μπολιβάρ Βενεζουέλας (Παλιό)"
"el","VEF","Μπολιβάρ","Μπολιβάρ Βενεζουέλας"
"el","VES","Μπολιβάρ","Μπολιβάρ Βενεζουέλας"
"el","VND","Ντονγκ","Ντονγκ Βιετνάμ"
"el","VUV","Βάτου","Βάτου Βανουάτου"
"el","WST","Τάλα","Τάλα Σαμόας"
"el","XAF","ΦράγκCFA ΚεντΑφ","Φράκγο CFA Κεντρικής Αφρικής"
"el","XCD","Δολάριο","Δολάριο Ανατολικής Καραϊβικής"
"el","XCG","Φιορίνι","Φιορίνι"
"el","XEU","Ε.Ν.Μ.","Ευρωπαϊκή Νομισματική Μονάδα (Ε.Ν.Μ.)"
"el","XOF","Φράγκο CFA Δυτικής Αφρικής","Μπενίν Φράγκο CFA Δυτικής Αφρικής"
"el","XPF","Φράγκο Γαλλίας (Ειρ.)","Φράγκο Γαλλίας (Νησιά Ειρηνικού)"
"el","YER","Ριάλ Υεμένης","Ριάλ Υεμένης"
"el","YUM","Νέο Δηνάριο","Νέο Δηνάριο Γιουγκοσλαβίας (Παλιό)"
"el","ZAR","Ραντ","Ραντ Νότιας Αφρικής"
"el","ZMK","Κουάτσα","Κουάτσα Ζάμπιας (Παλιό)"
"el","ZMW","Κουάτσα","Κουάτσα Ζάμπια (Νέο)"
"el","ZRN","Ζαΐρ","Ζαΐρ (Παλιό)"
"el","ZWD","Δολάριο Ζιμπάμπουε","Δολάριο Ζιμπάμπουε (Παλιό)"
"el","ZWL","Δολάριο Ζιμπάμπουε","Δολάριο Ζιμπάμπουε (Νέο)"
"el","ZWN","Δολάριο Ζιμπάμπουε","Δολάριο Ζιμπάμπουε (Παλιό)"
"el","ZWR","Δολάριο Ζιμπάμπουε","Δολάριο Ζιμπάμπουε (Παλιό)"